ID	description
1.1	Arts > Animation > Anime
1.2	Arts > Animation > Cartoons
1.3	Arts > Animation > Voice_Actors
1.4	Arts > Animation > Movies
1.5	Arts > Animation > Web
1.6	Arts > Animation > Artists
1.7	Arts > Animation > Stop-Motion
1.8	Arts > Animation > Training
1.9	Arts > Animation > Collectibles
1.10	Arts > Animation > Organizations
2.1	Arts > Architecture > Building_Types
2.2	Arts > Architecture > History
2.3	Arts > Architecture > Preservation
2.4	Arts > Architecture > Education
2.5	Arts > Architecture > Associations
2.6	Arts > Architecture > Famous_Names
2.7	Arts > Architecture > Landscape
2.8	Arts > Architecture > News_and_Media
2.9	Arts > Architecture > Events
2.10	Arts > Architecture > Experimental
3.1	Arts > Bodyart > Tattoo
3.2	Arts > Bodyart > Bodypainting
3.3	Arts > Bodyart > Studios
3.4	Arts > Bodyart > Piercing
3.5	Arts > Bodyart > Magazines_and_E-zines
3.6	Arts > Bodyart > Licensing_and_Regulations
3.7	Arts > Bodyart > Schools_and_Instruction
3.8	Arts > Bodyart > Web_Rings
3.9	Arts > Bodyart > Personal_Pages
3.10	Arts > Bodyart > Articles
4.1	Arts > Comics > Comic_Strips_and_Panels
4.2	Arts > Comics > Manga
4.3	Arts > Comics > Creators
4.4	Arts > Comics > Titles
4.5	Arts > Comics > Retailers
4.6	Arts > Comics > Publishers
4.7	Arts > Comics > Online
4.8	Arts > Comics > Resources
4.9	Arts > Comics > Fan_Pages
4.10	Arts > Comics > Magazines_and_E-zines
5.1	Arts > Crafts > Woodcraft
5.2	Arts > Crafts > Ceramic_Art_and_Pottery
5.3	Arts > Crafts > Textiles
5.4	Arts > Crafts > Knitting_and_Crochet
5.5	Arts > Crafts > Needlework
5.6	Arts > Crafts > Quilting
5.7	Arts > Crafts > Flowers
5.8	Arts > Crafts > Metal_Craft
5.9	Arts > Crafts > Glass
5.10	Arts > Crafts > Paper
6.1	Arts > Education > Language_Arts
6.2	Arts > Education > Colleges_and_Departments
6.3	Arts > Education > Educators
6.4	Arts > Education > Schools_and_Academies
6.5	Arts > Education > Organizations
6.6	Arts > Education > Learning_Resources
6.7	Arts > Education > Publications
7.1	Arts > Illustration > Illustrator_Portfolios
7.2	Arts > Illustration > Historic_Illustrators
7.3	Arts > Illustration > Children's
7.4	Arts > Illustration > Airbrush
7.5	Arts > Illustration > Specialized
7.6	Arts > Illustration > Cartoons
7.7	Arts > Illustration > Science_Fiction_and_Fantasy
7.8	Arts > Illustration > Caricature
7.9	Arts > Illustration > Whimsical_and_Humorous
7.10	Arts > Illustration > Editorial_Illustration
8.1	Arts > Literature > Authors
8.2	Arts > Literature > World_Literature
8.3	Arts > Literature > Genres
8.4	Arts > Literature > Poetry
8.5	Arts > Literature > Children's
8.6	Arts > Literature > Drama
8.7	Arts > Literature > Myths_and_Folktales
8.8	Arts > Literature > Periods_and_Movements
8.9	Arts > Literature > Reviews_and_Criticism
8.10	Arts > Literature > Cultural
9.1	Arts > Movies > Titles
9.2	Arts > Movies > Filmmaking
9.3	Arts > Movies > Genres
9.4	Arts > Movies > Theaters
9.5	Arts > Movies > Reviews
9.6	Arts > Movies > Film_Festivals
9.7	Arts > Movies > Cultures_and_Groups
9.8	Arts > Movies > Studios
9.9	Arts > Movies > Organizations
9.10	Arts > Movies > News_and_Media
10.1	Arts > Music > Bands_and_Artists
10.2	Arts > Music > Styles
10.3	Arts > Music > Composition
10.4	Arts > Music > Instruments
10.5	Arts > Music > Vocal
10.6	Arts > Music > Sound_Files
10.7	Arts > Music > Marching
10.8	Arts > Music > Women_in_Music
10.9	Arts > Music > Lyrics
10.10	Arts > Music > DJs
11.1	Arts > Online_Writing > Poetry
11.2	Arts > Online_Writing > Fiction
11.3	Arts > Online_Writing > Journals
11.4	Arts > Online_Writing > Mixed_Genre
11.5	Arts > Online_Writing > E-zines
11.6	Arts > Online_Writing > Non-Fiction
11.7	Arts > Online_Writing > Chats_and_Forums
11.8	Arts > Online_Writing > Web_Rings
11.9	Arts > Online_Writing > Drama
12.1	Arts > People > S
12.2	Arts > People > M
12.3	Arts > People > L
12.4	Arts > People > H
12.5	Arts > People > R
12.6	Arts > People > C
12.7	Arts > People > P
12.8	Arts > People > B
12.9	Arts > People > D
12.10	Arts > People > K
13.1	Arts > Performing_Arts > Acting
13.2	Arts > Performing_Arts > Dance
13.3	Arts > Performing_Arts > Theatre
13.4	Arts > Performing_Arts > Comedy
13.5	Arts > Performing_Arts > Magic
13.6	Arts > Performing_Arts > Circus
13.7	Arts > Performing_Arts > Storytelling
13.8	Arts > Performing_Arts > Puppetry
13.9	Arts > Performing_Arts > Performers
13.10	Arts > Performing_Arts > Stunts
14.1	Arts > Photography > Photographers
14.2	Arts > Photography > Techniques_and_Styles
14.3	Arts > Photography > Equipment_and_Services
14.4	Arts > Photography > Weblogs
14.5	Arts > Photography > Education
14.6	Arts > Photography > Magazines_and_E-zines
14.7	Arts > Photography > Art_Galleries
14.8	Arts > Photography > Reference
14.9	Arts > Photography > Chats_and_Forums
14.10	Arts > Photography > Organizations
15.1	Arts > Radio > Regional
15.2	Arts > Radio > Formats
15.3	Arts > Radio > Internet
15.4	Arts > Radio > Personalities
15.5	Arts > Radio > International_Broadcasters
15.6	Arts > Radio > History
15.7	Arts > Radio > Tributes
15.8	Arts > Radio > Industry
15.9	Arts > Radio > Production_Services
15.10	Arts > Radio > Resources
16.1	Arts > Television > Programs
16.2	Arts > Television > Stations
16.3	Arts > Television > Networks
16.4	Arts > Television > Cable_Television
16.5	Arts > Television > People
16.6	Arts > Television > Interactive
16.7	Arts > Television > News
16.8	Arts > Television > Commercials
16.9	Arts > Television > History
16.10	Arts > Television > Satellite
17.1	Arts > Video > Video_Editing
17.2	Arts > Video > Alternative_Video
17.3	Arts > Video > Training
17.4	Arts > Video > Community_Video
17.5	Arts > Video > Education
17.6	Arts > Video > Directories
17.7	Arts > Video > Magazines_and_E-zines
18.1	Arts > Visual_Arts > Painting
18.2	Arts > Visual_Arts > Personal_Pages
18.3	Arts > Visual_Arts > Galleries
18.4	Arts > Visual_Arts > Sculpture
18.5	Arts > Visual_Arts > Multiple_Media_Artists
18.6	Arts > Visual_Arts > Computer_Graphics
18.7	Arts > Visual_Arts > Thematic
18.8	Arts > Visual_Arts > Native_and_Tribal
18.9	Arts > Visual_Arts > ASCII_Art
18.10	Arts > Visual_Arts > Drawing
19.1	Arts > Writers_Resources > Non-Fiction
19.2	Arts > Writers_Resources > Fiction
19.3	Arts > Writers_Resources > Organizations
19.4	Arts > Writers_Resources > News_and_Media
19.5	Arts > Writers_Resources > Screenwriting
19.6	Arts > Writers_Resources > Style_Guides
19.7	Arts > Writers_Resources > Software
19.8	Arts > Writers_Resources > Contests
19.9	Arts > Writers_Resources > FAQs,_Help,_and_Tutorials
19.10	Arts > Writers_Resources > Directories
20.1	Business > Agriculture_and_Forestry > Livestock
20.2	Business > Agriculture_and_Forestry > Horticulture
20.3	Business > Agriculture_and_Forestry > Equipment_and_Supplies
20.4	Business > Agriculture_and_Forestry > Forestry
20.5	Business > Agriculture_and_Forestry > Aquaculture
20.6	Business > Agriculture_and_Forestry > Field_Crops
20.7	Business > Agriculture_and_Forestry > Barns_and_Structures
20.8	Business > Agriculture_and_Forestry > Farm_Real_Estate
20.9	Business > Agriculture_and_Forestry > Fencing
20.10	Business > Agriculture_and_Forestry > Consulting
21.1	Business > Arts_and_Entertainment > Photography
21.2	Business > Arts_and_Entertainment > Music
21.3	Business > Arts_and_Entertainment > Media_Production
21.4	Business > Arts_and_Entertainment > Tools_and_Equipment
21.5	Business > Arts_and_Entertainment > Models
21.6	Business > Arts_and_Entertainment > Fashion
21.7	Business > Arts_and_Entertainment > Visual_Arts
21.8	Business > Arts_and_Entertainment > Sports
21.9	Business > Arts_and_Entertainment > Beauty_Pageants
21.10	Business > Arts_and_Entertainment > Media_Conglomerates
22.1	Business > Automotive > Parts_and_Accessories
22.2	Business > Automotive > Recreational_Vehicles
22.3	Business > Automotive > Motorcycles
22.4	Business > Automotive > Auto_Racing
22.5	Business > Automotive > Import_and_Export
22.6	Business > Automotive > Off-Road
22.7	Business > Automotive > Retail
22.8	Business > Automotive > News_and_Media
22.9	Business > Automotive > Software
22.10	Business > Automotive > Kit_Cars_and_Replicas
23.1	Business > Business_Services > Communications
23.2	Business > Business_Services > Fire_and_Security
23.3	Business > Business_Services > Design
23.4	Business > Business_Services > Signage
23.5	Business > Business_Services > AudioVisual
23.6	Business > Business_Services > Event_Planning_and_Production
23.7	Business > Business_Services > Consulting
23.8	Business > Business_Services > Office_Services
23.9	Business > Business_Services > Quality_Control_and_Tracking
23.10	Business > Business_Services > Auctions
24.1	Business > Chemicals > Polymers
24.2	Business > Chemicals > Coatings_and_Adhesives
24.3	Business > Chemicals > Basic_Chemicals
24.4	Business > Chemicals > Specialties
24.5	Business > Chemicals > Agrochemicals
24.6	Business > Chemicals > Diversified_Manufacturers
24.7	Business > Chemicals > Cleaning_Agents_and_Toiletries
24.8	Business > Chemicals > Wholesale_and_Distribution
24.9	Business > Chemicals > Biochemical
24.10	Business > Chemicals > Dyes_and_Pigments
25.1	Business > Construction_and_Maintenance > Materials_and_Supplies
25.2	Business > Construction_and_Maintenance > Design
25.3	Business > Construction_and_Maintenance > Tools_and_Equipment
25.4	Business > Construction_and_Maintenance > Commercial_Contractors
25.5	Business > Construction_and_Maintenance > Building_Types
25.6	Business > Construction_and_Maintenance > Consulting
25.7	Business > Construction_and_Maintenance > Trenchless_Technology
25.8	Business > Construction_and_Maintenance > Residential_Housing
25.9	Business > Construction_and_Maintenance > Landscaping
25.10	Business > Construction_and_Maintenance > Remodeling
26.1	Business > Consumer_Goods_and_Services > Clothing
26.2	Business > Consumer_Goods_and_Services > Home_and_Garden
26.3	Business > Consumer_Goods_and_Services > Sporting_Goods
26.4	Business > Consumer_Goods_and_Services > Electronics
26.5	Business > Consumer_Goods_and_Services > Watercraft
26.6	Business > Consumer_Goods_and_Services > Recreation
26.7	Business > Consumer_Goods_and_Services > Beauty
26.8	Business > Consumer_Goods_and_Services > Office_Products
26.9	Business > Consumer_Goods_and_Services > Jewelry
26.10	Business > Consumer_Goods_and_Services > Pet_Supplies
27.1	Business > E-Commerce > Consulting
27.2	Business > E-Commerce > Developers
27.3	Business > E-Commerce > Education_and_Training
27.4	Business > E-Commerce > Customer_Relationship_Management
27.5	Business > E-Commerce > Marketplaces
27.6	Business > E-Commerce > News_and_Media
27.7	Business > E-Commerce > Technology_Vendors
27.8	Business > E-Commerce > Conferences
27.9	Business > E-Commerce > Standards_and_Protocols
27.10	Business > E-Commerce > Associations
28.1	Business > Education_and_Training > Health_and_Safety
28.2	Business > Education_and_Training > Driving
28.3	Business > Education_and_Training > Business_Development
28.4	Business > Education_and_Training > Technology
28.5	Business > Education_and_Training > Team_Building
28.6	Business > Education_and_Training > Education
28.7	Business > Education_and_Training > Manual_Skills
29.1	Business > Electronics_and_Electrical > Components
29.2	Business > Electronics_and_Electrical > Electromechanical
29.3	Business > Electronics_and_Electrical > Instrumentation
29.4	Business > Electronics_and_Electrical > Contract_Manufacturing
29.5	Business > Electronics_and_Electrical > Power_Supplies
29.6	Business > Electronics_and_Electrical > Transformers_and_Inductors
29.7	Business > Electronics_and_Electrical > Control_Systems
29.8	Business > Electronics_and_Electrical > Production_Equipment_and_Materials
29.9	Business > Electronics_and_Electrical > Test_and_Measurement
29.10	Business > Electronics_and_Electrical > Optoelectronics_and_Fiber
30.1	Business > Energy > Oil_and_Gas
30.2	Business > Energy > Renewable
30.3	Business > Energy > Utilities
30.4	Business > Energy > Electricity
30.5	Business > Energy > Consulting
30.6	Business > Energy > Management
30.7	Business > Energy > Employment
30.8	Business > Energy > Fuel_Cells
30.9	Business > Energy > Associations
30.10	Business > Energy > Hydrogen
31.1	Business > Financial_Services > Banking_Services
31.2	Business > Financial_Services > Insurance
31.3	Business > Financial_Services > Mortgages
31.4	Business > Financial_Services > Venture_Capital
31.5	Business > Financial_Services > Credit_and_Collection
31.6	Business > Financial_Services > Financial_Planning
31.7	Business > Financial_Services > Medical_Billing
31.8	Business > Financial_Services > Merchant_Services
31.9	Business > Financial_Services > Cash_Flow
31.10	Business > Financial_Services > Holding_Companies
32.1	Business > Food_and_Related_Products > Beverages
32.2	Business > Food_and_Related_Products > Meat_and_Seafood
32.3	Business > Food_and_Related_Products > Produce
32.4	Business > Food_and_Related_Products > Baked_Goods
32.5	Business > Food_and_Related_Products > Dairy
32.6	Business > Food_and_Related_Products > Condiments_and_Seasonings
32.7	Business > Food_and_Related_Products > Tools_and_Equipment
32.8	Business > Food_and_Related_Products > Grains_and_Legumes
32.9	Business > Food_and_Related_Products > Sweeteners
32.10	Business > Food_and_Related_Products > Additives
33.1	Business > Healthcare > Products_and_Services
33.2	Business > Healthcare > Computing
33.3	Business > Healthcare > Consulting
33.4	Business > Healthcare > Employment
33.5	Business > Healthcare > Marketing_and_Advertising
33.6	Business > Healthcare > Animal_Health
33.7	Business > Healthcare > Healthcare_Management
33.8	Business > Healthcare > Alternative
33.9	Business > Healthcare > Case_Management
33.10	Business > Healthcare > News_and_Media
34.1	Business > Hospitality > Food_Service
34.2	Business > Hospitality > Restaurant_Chains
34.3	Business > Hospitality > Software
34.4	Business > Hospitality > Travel
34.5	Business > Hospitality > Education_and_Training
34.6	Business > Hospitality > Employment
34.7	Business > Hospitality > Supplies_and_Equipment
34.8	Business > Hospitality > Consulting
34.9	Business > Hospitality > Directories
34.10	Business > Hospitality > Hotels_and_Motels
35.1	Business > Human_Resources > Compensation_and_Benefits
35.2	Business > Human_Resources > Consulting
35.3	Business > Human_Resources > Training_and_Safety
35.4	Business > Human_Resources > Employee_Relations
35.5	Business > Human_Resources > Associations
35.6	Business > Human_Resources > Reference
35.7	Business > Human_Resources > Education_and_Training
35.8	Business > Human_Resources > Recruiting_and_Retention
35.9	Business > Human_Resources > Outsourcing
35.10	Business > Human_Resources > Outplacement
36.1	Business > Industrial_Goods_and_Services > Machinery_and_Tools
36.2	Business > Industrial_Goods_and_Services > Industrial_Supply
36.3	Business > Industrial_Goods_and_Services > Casting,_Molding,_Machining
36.4	Business > Industrial_Goods_and_Services > Fluid_Handling
36.5	Business > Industrial_Goods_and_Services > Engineering
36.6	Business > Industrial_Goods_and_Services > Packaging
36.7	Business > Industrial_Goods_and_Services > Calibration_and_Testing
36.8	Business > Industrial_Goods_and_Services > Factory_Automation
36.9	Business > Industrial_Goods_and_Services > Cable_and_Wire
36.10	Business > Industrial_Goods_and_Services > Optics
37.1	Business > Information_Technology > Employment
37.2	Business > Information_Technology > Consulting
37.3	Business > Information_Technology > News_and_Media
37.4	Business > Information_Technology > Marketing_and_Advertising
37.5	Business > Information_Technology > Imaging
37.6	Business > Information_Technology > Associations
37.7	Business > Information_Technology > Outsourcing
37.8	Business > Information_Technology > Services
37.9	Business > Information_Technology > Directories
37.10	Business > Information_Technology > Conferences
38.1	Business > Investing > Stocks_and_Bonds
38.2	Business > Investing > Commodities_and_Futures
38.3	Business > Investing > Money_Managers
38.4	Business > Investing > Funds
38.5	Business > Investing > Research_and_Analysis
38.6	Business > Investing > Socially_Responsible
38.7	Business > Investing > Real_Estate
38.8	Business > Investing > Software
38.9	Business > Investing > Brokerages
38.10	Business > Investing > Day_Trading
39.1	Business > Management > Consulting
39.2	Business > Management > Management_Science
39.3	Business > Management > Education_and_Training
39.4	Business > Management > Project_and_Program_Management
39.5	Business > Management > Leadership
39.6	Business > Management > Organizational_Development
39.7	Business > Management > Software
39.8	Business > Management > Supply_Chain
39.9	Business > Management > Ethics
39.10	Business > Management > Organizational_Change
40.1	Business > Marketing_and_Advertising > Advertising
40.2	Business > Marketing_and_Advertising > Public_Relations
40.3	Business > Marketing_and_Advertising > Internet_Marketing
40.4	Business > Marketing_and_Advertising > Branding
40.5	Business > Marketing_and_Advertising > Consulting
40.6	Business > Marketing_and_Advertising > Market_Research
40.7	Business > Marketing_and_Advertising > Direct_Marketing
40.8	Business > Marketing_and_Advertising > Marketing_Support_Services
40.9	Business > Marketing_and_Advertising > Salesmanship
40.10	Business > Marketing_and_Advertising > Strategic
41.1	Business > Materials > Metals
41.2	Business > Materials > Pulp_and_Paper
41.3	Business > Materials > Composites
41.4	Business > Materials > Nanomaterials
41.5	Business > Materials > Abrasives
41.6	Business > Materials > Ceramics
41.7	Business > Materials > Carbon
41.8	Business > Materials > Wax
41.9	Business > Materials > Crystal_and_Glass
41.10	Business > Materials > Animal_Products
42.1	Business > Opportunities > Franchising
42.2	Business > Opportunities > Vending
42.3	Business > Opportunities > Networking-MLM
42.4	Business > Opportunities > Inventions
42.5	Business > Opportunities > Valuation_Services
42.6	Business > Opportunities > Home_Based
42.7	Business > Opportunities > Brokerages
42.8	Business > Opportunities > Opposing_Views
42.9	Business > Opportunities > Resources_and_Networking
42.10	Business > Opportunities > Consulting
43.1	Business > Real_Estate > Appraisal
43.2	Business > Real_Estate > Education_and_Training
43.3	Business > Real_Estate > Commercial
43.4	Business > Real_Estate > Residential
43.5	Business > Real_Estate > Marketing_and_Advertising
43.6	Business > Real_Estate > Legal
43.7	Business > Real_Estate > Development
43.8	Business > Real_Estate > Consulting
43.9	Business > Real_Estate > Property_Management
43.10	Business > Real_Estate > Employment
44.1	Business > Retail_Trade > Store_Fixtures
44.2	Business > Retail_Trade > Technology
44.3	Business > Retail_Trade > Retailers
44.4	Business > Retail_Trade > Consulting
44.5	Business > Retail_Trade > Services
44.6	Business > Retail_Trade > Loss_Prevention
44.7	Business > Retail_Trade > Associations
44.8	Business > Retail_Trade > News_and_Media
44.9	Business > Retail_Trade > Marketing_and_Advertising
44.10	Business > Retail_Trade > Employment
45.1	Business > Small_Business > Start_Up
45.2	Business > Small_Business > Finance
45.3	Business > Small_Business > Resources
45.4	Business > Small_Business > Business_Plans
45.5	Business > Small_Business > Marketing_and_Advertising
45.6	Business > Small_Business > News_and_Media
45.7	Business > Small_Business > Home_Office
45.8	Business > Small_Business > Consulting
45.9	Business > Small_Business > Associations
45.10	Business > Small_Business > Directories
46.1	Business > Telecommunications > Equipment
46.2	Business > Telecommunications > Services
46.3	Business > Telecommunications > Two-Way_Radio
46.4	Business > Telecommunications > Call_Centers
46.5	Business > Telecommunications > Consulting
46.6	Business > Telecommunications > Location_and_Tracking
46.7	Business > Telecommunications > Construction,_Installation,_and_Maintenance
46.8	Business > Telecommunications > Carriers
46.9	Business > Telecommunications > Software
46.10	Business > Telecommunications > Regulation
47.1	Business > Textiles_and_Nonwovens > Textiles
47.2	Business > Textiles_and_Nonwovens > Industrial_Yarns_and_Sewing_Threads
47.3	Business > Textiles_and_Nonwovens > Fibers
47.4	Business > Textiles_and_Nonwovens > Nonwovens
47.5	Business > Textiles_and_Nonwovens > Machinery_and_Equipment
47.6	Business > Textiles_and_Nonwovens > Leather_and_Fur
47.7	Business > Textiles_and_Nonwovens > Dyestuffs_and_Chemicals
47.8	Business > Textiles_and_Nonwovens > Resources
47.9	Business > Textiles_and_Nonwovens > Geotechnical
47.10	Business > Textiles_and_Nonwovens > Education_and_Training
48.1	Business > Transportation_and_Logistics > Aviation
48.2	Business > Transportation_and_Logistics > Maritime
48.3	Business > Transportation_and_Logistics > Trucking
48.4	Business > Transportation_and_Logistics > Distribution_and_Logistics
48.5	Business > Transportation_and_Logistics > Rail
48.6	Business > Transportation_and_Logistics > Freight_Forwarding
48.7	Business > Transportation_and_Logistics > Urban_Transport
48.8	Business > Transportation_and_Logistics > Bus
48.9	Business > Transportation_and_Logistics > Towing_and_Recovery
48.10	Business > Transportation_and_Logistics > Moving_Services
49.1	Computers > Algorithms > Compression
49.2	Computers > Algorithms > Computational_Algebra
49.3	Computers > Algorithms > Conferences
49.4	Computers > Algorithms > Sorting_and_Searching
49.5	Computers > Algorithms > Publications
49.6	Computers > Algorithms > Pseudorandom_Numbers
49.7	Computers > Algorithms > People
49.8	Computers > Algorithms > Research_Groups
49.9	Computers > Algorithms > Animated
50.1	Computers > Artificial_Intelligence > Neural_Networks
50.2	Computers > Artificial_Intelligence > Machine_Learning
50.3	Computers > Artificial_Intelligence > People
50.4	Computers > Artificial_Intelligence > Natural_Language
50.5	Computers > Artificial_Intelligence > Conferences_and_Events
50.6	Computers > Artificial_Intelligence > Genetic_Programming
50.7	Computers > Artificial_Intelligence > Vision
50.8	Computers > Artificial_Intelligence > Agents
50.9	Computers > Artificial_Intelligence > Academic_Departments
50.10	Computers > Artificial_Intelligence > Belief_Networks
51.1	Computers > Artificial_Life > Cellular_Automata
51.2	Computers > Artificial_Life > Particle_Swarm
51.3	Computers > Artificial_Life > Lindenmayer_Systems
51.4	Computers > Artificial_Life > Software
51.5	Computers > Artificial_Life > Agents
51.6	Computers > Artificial_Life > Artificial_Worlds
51.7	Computers > Artificial_Life > Conferences
51.8	Computers > Artificial_Life > People
51.9	Computers > Artificial_Life > Publications
51.10	Computers > Artificial_Life > Art
52.1	Computers > CAD_and_CAM > AutoCAD
52.2	Computers > CAD_and_CAM > Computer_Aided_Manufacturing
52.3	Computers > CAD_and_CAM > AEC_Design
52.4	Computers > CAD_and_CAM > Electronic_Design_Automation
52.5	Computers > CAD_and_CAM > Product_Data_Management
52.6	Computers > CAD_and_CAM > PTC_Pro_Engineer
52.7	Computers > CAD_and_CAM > Drawing_Exchange_and_Interoperability
52.8	Computers > CAD_and_CAM > Mechanical_Design
52.9	Computers > CAD_and_CAM > Viewers
52.10	Computers > CAD_and_CAM > Development
53.1	Computers > Companies > Software_Development
53.2	Computers > Companies > Product_Support
53.3	Computers > Companies > Google,_Inc.
53.4	Computers > Companies > Data_Warehousing
53.5	Computers > Companies > Microsoft_Corporation
53.6	Computers > Companies > Yahoo_Inc.
53.7	Computers > Companies > Oracle_Corporation
53.8	Computers > Companies > IBM
53.9	Computers > Companies > Render_Farms
53.10	Computers > Companies > AOL_LLC
54.1	Computers > Computer_Science > Academic_Departments
54.2	Computers > Computer_Science > Theoretical
54.3	Computers > Computer_Science > People
54.4	Computers > Computer_Science > Distributed_Computing
54.5	Computers > Computer_Science > Conferences
54.6	Computers > Computer_Science > Database_Theory
54.7	Computers > Computer_Science > Publications
54.8	Computers > Computer_Science > Research_Institutes
54.9	Computers > Computer_Science > Organizations
54.10	Computers > Computer_Science > Computer_Graphics
55.1	Computers > Consultants > By_Region
55.2	Computers > Consultants > Systems_Integrators
55.3	Computers > Consultants > Business_Systems
55.4	Computers > Consultants > Databases
55.5	Computers > Consultants > Unix_Systems
55.6	Computers > Consultants > Network
55.7	Computers > Consultants > General_and_Freelance
55.8	Computers > Consultants > CAD_Systems
55.9	Computers > Consultants > Embedded_Systems
55.10	Computers > Consultants > Macintosh_Systems
56.1	Computers > Data_Communications > Vendors
56.2	Computers > Data_Communications > Wireless
56.3	Computers > Data_Communications > Telephony
56.4	Computers > Data_Communications > Ethernet
56.5	Computers > Data_Communications > Installation
56.6	Computers > Data_Communications > Unified_Messaging
56.7	Computers > Data_Communications > Testing_and_Tools
56.8	Computers > Data_Communications > Reference
56.9	Computers > Data_Communications > Software
56.10	Computers > Data_Communications > DSL
57.1	Computers > Data_Formats > Markup_Languages
57.2	Computers > Data_Formats > Document
57.3	Computers > Data_Formats > Style_Sheets
57.4	Computers > Data_Formats > Graphics
57.5	Computers > Data_Formats > Conversion
57.6	Computers > Data_Formats > File_Systems
57.7	Computers > Data_Formats > Open_Standards
57.8	Computers > Data_Formats > Archive
57.9	Computers > Data_Formats > Microformats
57.10	Computers > Data_Formats > Help
58.1	Computers > Emulators > Intel_x86_Architecture
58.2	Computers > Emulators > Sinclair
58.3	Computers > Emulators > Apple
58.4	Computers > Emulators > Acorn
58.5	Computers > Emulators > Commodore
58.6	Computers > Emulators > Atari
58.7	Computers > Emulators > Amstrad
58.8	Computers > Emulators > Amiga
58.9	Computers > Emulators > MSX
58.10	Computers > Emulators > News_and_Media
59.1	Computers > Graphics > Web
59.2	Computers > Graphics > Fonts
59.3	Computers > Graphics > Clip_Art
59.4	Computers > Graphics > Textures
59.5	Computers > Graphics > Animation
59.6	Computers > Graphics > Books
60.1	Computers > Hacking > Phreaking
60.2	Computers > Hacking > Cryptography
60.3	Computers > Hacking > Organizations
60.4	Computers > Hacking > Wardriving
60.5	Computers > Hacking > News_and_Media
60.6	Computers > Hacking > Exploits
60.7	Computers > Hacking > People
60.8	Computers > Hacking > Hardware
60.9	Computers > Hacking > Malicious_Software
60.10	Computers > Hacking > Software_Piracy
61.1	Computers > Hardware > Peripherals
61.2	Computers > Hardware > Systems
61.3	Computers > Hardware > Components
61.4	Computers > Hardware > Storage
61.5	Computers > Hardware > Retailers
61.6	Computers > Hardware > Used
61.7	Computers > Hardware > Cables
61.8	Computers > Hardware > Embedded
61.9	Computers > Hardware > Buses
61.10	Computers > Hardware > Historical
62.1	Computers > Internet > Web_Design_and_Development
62.2	Computers > Internet > RFCs
62.3	Computers > Internet > On_the_Web
62.4	Computers > Internet > E-mail
62.5	Computers > Internet > Searching
62.6	Computers > Internet > Domain_Names
62.7	Computers > Internet > Protocols
62.8	Computers > Internet > Chat
62.9	Computers > Internet > Access_Providers
62.10	Computers > Internet > Cybercafes
63.1	Computers > Mobile_Computing > Wireless_Data
63.2	Computers > Mobile_Computing > Symbian
63.3	Computers > Mobile_Computing > Rugged_Hardware
63.4	Computers > Mobile_Computing > News_and_Media
63.5	Computers > Mobile_Computing > Application_Developers
63.6	Computers > Mobile_Computing > Research
64.1	Computers > Multimedia > Music_and_Audio
64.2	Computers > Multimedia > Services
64.3	Computers > Multimedia > Development_Frameworks
64.4	Computers > Multimedia > Software
64.5	Computers > Multimedia > Digital_Video
64.6	Computers > Multimedia > Demoscene
64.7	Computers > Multimedia > MPEG
64.8	Computers > Multimedia > FAQs,_Help,_and_Tutorials
64.9	Computers > Multimedia > News_and_Media
65.1	Computers > Open_Source > Software
65.2	Computers > Open_Source > Open_Content
65.3	Computers > Open_Source > Organizations
65.4	Computers > Open_Source > Licenses
65.5	Computers > Open_Source > Advocacy
65.6	Computers > Open_Source > Articles
65.7	Computers > Open_Source > News_and_Media
65.8	Computers > Open_Source > Directories
65.9	Computers > Open_Source > Project_Hosting
65.10	Computers > Open_Source > Conferences
66.1	Computers > Parallel_Computing > Conferences
66.2	Computers > Parallel_Computing > Programming
66.3	Computers > Parallel_Computing > Beowulf
66.4	Computers > Parallel_Computing > Projects
66.5	Computers > Parallel_Computing > Vendors
66.6	Computers > Parallel_Computing > Documentation
67.1	Computers > Programming > Languages
67.2	Computers > Programming > Internet
67.3	Computers > Programming > Component_Frameworks
67.4	Computers > Programming > Methodologies
67.5	Computers > Programming > Personal_Pages
67.6	Computers > Programming > Graphics
67.7	Computers > Programming > Software_Testing
67.8	Computers > Programming > Development_Tools
67.9	Computers > Programming > Compilers
67.10	Computers > Programming > Games
68.1	Computers > Robotics > Companies
68.2	Computers > Robotics > Competitions
68.3	Computers > Robotics > Research
68.4	Computers > Robotics > Personal_Pages
68.5	Computers > Robotics > Robots
68.6	Computers > Robotics > Software
68.7	Computers > Robotics > Organizations
68.8	Computers > Robotics > Building
68.9	Computers > Robotics > History
68.10	Computers > Robotics > Directories
69.1	Computers > Security > Products_and_Tools
69.2	Computers > Security > Consultants
69.3	Computers > Security > Internet
69.4	Computers > Security > Malicious_Software
69.5	Computers > Security > Firewalls
69.6	Computers > Security > Biometrics
69.7	Computers > Security > Policy
69.8	Computers > Security > Intrusion_Detection_Systems
69.9	Computers > Security > Public_Key_Infrastructure
69.10	Computers > Security > Authentication
70.1	Computers > Software > Operating_Systems
70.2	Computers > Software > Internet
70.3	Computers > Software > Shareware
70.4	Computers > Software > Databases
70.5	Computers > Software > Graphics
70.6	Computers > Software > Accounting
70.7	Computers > Software > Desktop_Customization
70.8	Computers > Software > Freeware
70.9	Computers > Software > Industry-Specific
70.10	Computers > Software > Business
71.1	Computers > Speech_Technology > Telephony
71.2	Computers > Speech_Technology > Speech_Synthesis
71.3	Computers > Speech_Technology > Resellers
71.4	Computers > Speech_Technology > Research
71.5	Computers > Speech_Technology > VoiceXML
71.6	Computers > Speech_Technology > Hardware
71.7	Computers > Speech_Technology > Tool_Kits
71.8	Computers > Speech_Technology > Medical_Transcription
71.9	Computers > Speech_Technology > Voice_Portals
71.10	Computers > Speech_Technology > Linux
72.1	Computers > Systems > Apple
72.2	Computers > Systems > Handhelds
72.3	Computers > Systems > RISC_OS
72.4	Computers > Systems > Commodore
72.5	Computers > Systems > Amiga
72.6	Computers > Systems > Sinclair
72.7	Computers > Systems > HP_3000
72.8	Computers > Systems > Acorn
72.9	Computers > Systems > Atari
72.10	Computers > Systems > Tablet_PCs
73.1	Computers > Usenet > Feed_Services
73.2	Computers > Usenet > FAQs
73.3	Computers > Usenet > Individual_Newsgroup_Pages
73.4	Computers > Usenet > Search
73.5	Computers > Usenet > Software
73.6	Computers > Usenet > Hierarchies
73.7	Computers > Usenet > Public_News_Servers
73.8	Computers > Usenet > Web_Based
73.9	Computers > Usenet > History
73.10	Computers > Usenet > Etiquette
74.1	Computers > Virtual_Reality > QTVR_and_Pre-rendered_VR
74.2	Computers > Virtual_Reality > Multi-User_Systems
74.3	Computers > Virtual_Reality > Companies
74.4	Computers > Virtual_Reality > Human_Interaction
74.5	Computers > Virtual_Reality > Hardware
74.6	Computers > Virtual_Reality > Research_Projects
74.7	Computers > Virtual_Reality > Haptics
74.8	Computers > Virtual_Reality > Software
74.9	Computers > Virtual_Reality > Conferences
75.1	Games > Board_Games > Abstract
75.2	Games > Board_Games > War_and_Politics
75.3	Games > Board_Games > Words_and_Trivia
75.4	Games > Board_Games > Science_Fiction
75.5	Games > Board_Games > Developers_and_Publishers
75.6	Games > Board_Games > Economy_and_Trading
75.7	Games > Board_Games > Fantasy
75.8	Games > Board_Games > Historical
75.9	Games > Board_Games > Horror
75.10	Games > Board_Games > Sports
76.1	Games > Gambling > Sports
76.2	Games > Gambling > Casinos
76.3	Games > Gambling > Poker
76.4	Games > Gambling > Equipment
76.5	Games > Gambling > Lotteries
76.6	Games > Gambling > Guides
76.7	Games > Gambling > Consultants
76.8	Games > Gambling > Bingo
76.9	Games > Gambling > Blackjack
76.10	Games > Gambling > Slots
77.1	Games > Miniatures > Science_Fiction
77.2	Games > Miniatures > Painting
77.3	Games > Miniatures > Manufacturers
77.4	Games > Miniatures > Fantasy
77.5	Games > Miniatures > Historical
77.6	Games > Miniatures > Terrain
77.7	Games > Miniatures > Organizations
77.8	Games > Miniatures > Developers_and_Publishers
77.9	Games > Miniatures > Magazines_and_E-zines
77.10	Games > Miniatures > Software
78.1	Games > Roleplaying > Genres
78.2	Games > Roleplaying > Live_Action
78.3	Games > Roleplaying > World_Building
78.4	Games > Roleplaying > Developers_and_Publishers
78.5	Games > Roleplaying > Play_Groups
78.6	Games > Roleplaying > Systems
78.7	Games > Roleplaying > Gamebooks
78.8	Games > Roleplaying > Humor
78.9	Games > Roleplaying > Roleplaying_in_Society
78.10	Games > Roleplaying > Software
79.1	Games > Trading_Card_Games > Magic_-_The_Gathering
79.2	Games > Trading_Card_Games > Pokémon
79.3	Games > Trading_Card_Games > Vampire_-_The_Eternal_Struggle
79.4	Games > Trading_Card_Games > Legend_of_the_Five_Rings
79.5	Games > Trading_Card_Games > Yu-Gi-Oh
79.6	Games > Trading_Card_Games > Star_Wars
79.7	Games > Trading_Card_Games > Rage
79.8	Games > Trading_Card_Games > Shadowfist
79.9	Games > Trading_Card_Games > Dragon_Storm
79.10	Games > Trading_Card_Games > OverPower
80.1	Games > Video_Games > Roleplaying
80.2	Games > Video_Games > Shooter
80.3	Games > Video_Games > Action
80.4	Games > Video_Games > Strategy
80.5	Games > Video_Games > Simulation
80.6	Games > Video_Games > Sports
80.7	Games > Video_Games > Adventure
80.8	Games > Video_Games > Driving_and_Racing
80.9	Games > Video_Games > Action-Adventure
80.10	Games > Video_Games > Platform
81.1	Health > Alternative > Acupuncture_and_Chinese_Medicine
81.2	Health > Alternative > Massage_Therapy_and_Bodywork
81.3	Health > Alternative > Energy_Healing
81.4	Health > Alternative > Coaching
81.5	Health > Alternative > Reflexology
81.6	Health > Alternative > Homeopathy
81.7	Health > Alternative > Hypnotherapy
81.8	Health > Alternative > Reiki
81.9	Health > Alternative > Naturopathy
81.10	Health > Alternative > Practitioners
82.1	Health > Animal > Veterinary_Medicine
82.2	Health > Animal > Mammals
82.3	Health > Animal > Alternative_Medicine
82.4	Health > Animal > Birds
82.5	Health > Animal > Pets
82.6	Health > Animal > Conditions_and_Diseases
82.7	Health > Animal > Fish
82.8	Health > Animal > Livestock
82.9	Health > Animal > Drugs_and_Medications
82.10	Health > Animal > Wildlife
83.1	Health > Beauty > Schools
83.2	Health > Beauty > Hair
83.3	Health > Beauty > Cosmetics
83.4	Health > Beauty > Advice
83.5	Health > Beauty > Skin_Care
83.6	Health > Beauty > Salons_and_Spas
83.7	Health > Beauty > Professional_Resources
83.8	Health > Beauty > Perfumes_and_Scents
84.1	Health > Child_Health > Conditions_and_Diseases
84.2	Health > Child_Health > Infant_and_Toddlers
84.3	Health > Child_Health > Information_and_Advice
84.4	Health > Child_Health > Pediatric_Rehabilitation
84.5	Health > Child_Health > Immunizations
84.6	Health > Child_Health > Nutrition
84.7	Health > Child_Health > Organizations
84.8	Health > Child_Health > Growth_and_Development
84.9	Health > Child_Health > Neonatal_Circumcision
84.10	Health > Child_Health > Special_Needs
85.1	Health > Conditions_and_Diseases > Neurological_Disorders
85.2	Health > Conditions_and_Diseases > Cancer
85.3	Health > Conditions_and_Diseases > Infectious_Diseases
85.4	Health > Conditions_and_Diseases > Musculoskeletal_Disorders
85.5	Health > Conditions_and_Diseases > Immune_Disorders
85.6	Health > Conditions_and_Diseases > Digestive_Disorders
85.7	Health > Conditions_and_Diseases > Endocrine_Disorders
85.8	Health > Conditions_and_Diseases > Genetic_Disorders
85.9	Health > Conditions_and_Diseases > Cardiovascular_Disorders
85.10	Health > Conditions_and_Diseases > Eye_Disorders
86.1	Health > Dentistry > Education
86.2	Health > Dentistry > Associations
86.3	Health > Dentistry > Conditions_and_Diseases
86.4	Health > Dentistry > Orthodontics
86.5	Health > Dentistry > Resources
86.6	Health > Dentistry > Oral_Surgery
86.7	Health > Dentistry > Publications
86.8	Health > Dentistry > Children
86.9	Health > Dentistry > Endodontics
86.10	Health > Dentistry > Dentures
87.1	Health > Fitness > Personal_Training
87.2	Health > Fitness > Certification
87.3	Health > Fitness > Personal_Pages
87.4	Health > Fitness > Pilates_Method
87.5	Health > Fitness > Services
87.6	Health > Fitness > News_and_Media
87.7	Health > Fitness > Organizations
87.8	Health > Fitness > Advice_and_Guides
87.9	Health > Fitness > Aerobics
87.10	Health > Fitness > Directories
88.1	Health > Medicine > Medical_Specialties
88.2	Health > Medicine > Surgery
88.3	Health > Medicine > Facilities
88.4	Health > Medicine > Education
88.5	Health > Medicine > Osteopathy
88.6	Health > Medicine > Informatics
88.7	Health > Medicine > Imaging
88.8	Health > Medicine > Evidence_Based_Medicine
88.9	Health > Medicine > Reference
88.10	Health > Medicine > Employment
89.1	Health > Mental_Health > Disorders
89.2	Health > Mental_Health > Counseling_Services
89.3	Health > Mental_Health > Child_and_Adolescent
89.4	Health > Mental_Health > Professional_Resources
89.5	Health > Mental_Health > Grief,_Loss_and_Bereavement
89.6	Health > Mental_Health > Self-Help
89.7	Health > Mental_Health > Organizations
89.8	Health > Mental_Health > Policy_and_Advocacy
89.9	Health > Mental_Health > Stress
89.10	Health > Mental_Health > Weblogs
90.1	Health > Nursing > Education
90.2	Health > Nursing > Specialties
90.3	Health > Nursing > Organizations
90.4	Health > Nursing > Employment
90.5	Health > Nursing > History
90.6	Health > Nursing > References
90.7	Health > Nursing > Resources
90.8	Health > Nursing > Students
90.9	Health > Nursing > Volunteer_Opportunities
90.10	Health > Nursing > Humor
91.1	Health > Nutrition > Dietitians_and_Nutritionists
91.2	Health > Nutrition > Nutrients
91.3	Health > Nutrition > Dietary_Options
91.4	Health > Nutrition > Resources
91.5	Health > Nutrition > School_Meals
91.6	Health > Nutrition > Organizations
91.7	Health > Nutrition > Disease_Prevention
91.8	Health > Nutrition > Alternative
91.9	Health > Nutrition > News_and_Media
91.10	Health > Nutrition > Chats_and_Forums
92.1	Health > Occupational_Health_and_Safety > Consultants
92.2	Health > Occupational_Health_and_Safety > Government_Agencies
92.3	Health > Occupational_Health_and_Safety > Ergonomics
92.4	Health > Occupational_Health_and_Safety > Publications
92.5	Health > Occupational_Health_and_Safety > Hazardous_Substances
92.6	Health > Occupational_Health_and_Safety > Organizations
92.7	Health > Occupational_Health_and_Safety > Colleges_and_Universities
92.8	Health > Occupational_Health_and_Safety > MSDS
92.9	Health > Occupational_Health_and_Safety > Emergency_Preparedness
92.10	Health > Occupational_Health_and_Safety > Bloodborne_Pathogens
93.1	Health > Professions > Doula
93.2	Health > Professions > Medical_Transcription
93.3	Health > Professions > Physical_Therapy
93.4	Health > Professions > Midwifery
93.5	Health > Professions > Occupational_Therapy
93.6	Health > Professions > Physician_Assistant
93.7	Health > Professions > Speech_Therapy
93.8	Health > Professions > Audiology
93.9	Health > Professions > Recreational_Therapy
93.10	Health > Professions > Rehabilitation_Engineering
94.1	Health > Public_Health_and_Safety > Emergency_Services
94.2	Health > Public_Health_and_Safety > Education
94.3	Health > Public_Health_and_Safety > Disease_Control_and_Prevention
94.4	Health > Public_Health_and_Safety > First_Aid
94.5	Health > Public_Health_and_Safety > Epidemiology
94.6	Health > Public_Health_and_Safety > Organizations
94.7	Health > Public_Health_and_Safety > Patient_Safety
94.8	Health > Public_Health_and_Safety > Rural_Health
94.9	Health > Public_Health_and_Safety > News_and_Media
94.10	Health > Public_Health_and_Safety > Community_Health
95.1	Health > Reproductive_Health > Pregnancy_and_Birth
95.2	Health > Reproductive_Health > Clinics_and_Services
95.3	Health > Reproductive_Health > Infertility
95.4	Health > Reproductive_Health > Birth_Control
95.5	Health > Reproductive_Health > Sexually_Transmitted_Diseases
95.6	Health > Reproductive_Health > Abortion
95.7	Health > Reproductive_Health > Sexual_Dysfunctions
96.1	Health > Senior_Health > Assisted_Living
96.2	Health > Senior_Health > Caregiver_Support
96.3	Health > Senior_Health > Fitness
96.4	Health > Senior_Health > Well-Being_and_Safety
96.5	Health > Senior_Health > Nutrition
96.6	Health > Senior_Health > Associations
96.7	Health > Senior_Health > Sexuality
96.8	Health > Senior_Health > Drugs
97.1	Health > Women's_Health > Conditions_and_Diseases
97.2	Health > Women's_Health > Menopause
97.3	Health > Women's_Health > Smoking
97.4	Health > Women's_Health > Resources
97.5	Health > Women's_Health > Menstruation
97.6	Health > Women's_Health > Organizations
97.7	Health > Women's_Health > Support_Groups
97.8	Health > Women's_Health > Pelvic_Exams_and_Pap_Tests
97.9	Health > Women's_Health > Nutrition
97.10	Health > Women's_Health > Reproductive
98.1	Home > Consumer_Information > Automobiles
98.2	Home > Consumer_Information > Electronics
98.3	Home > Consumer_Information > Computers_and_Internet
98.4	Home > Consumer_Information > Appliances
98.5	Home > Consumer_Information > Sports_and_Recreation
98.6	Home > Consumer_Information > Advocacy_and_Protection
98.7	Home > Consumer_Information > Home_and_Family
98.8	Home > Consumer_Information > Clothing_and_Accessories
98.9	Home > Consumer_Information > Complaints
98.10	Home > Consumer_Information > Food_and_Drink
99.1	Home > Cooking > Soups_and_Stews
99.2	Home > Cooking > World_Cuisines
99.3	Home > Cooking > Fruits_and_Vegetables
99.4	Home > Cooking > Baking_and_Confections
99.5	Home > Cooking > Sandwiches
99.6	Home > Cooking > Fish_and_Seafood
99.7	Home > Cooking > Recipe_Collections
99.8	Home > Cooking > Meat
99.9	Home > Cooking > Beverages
99.10	Home > Cooking > Holidays
100.1	Home > Family > Family_Websites
100.2	Home > Family > Parenting
100.3	Home > Family > Childcare
100.4	Home > Family > Adoption
100.5	Home > Family > Pregnancy
100.6	Home > Family > Babies
100.7	Home > Family > Multiple_Births
100.8	Home > Family > Family_Resources_and_Support
100.9	Home > Family > Large_Families
100.10	Home > Family > Grandparents
101.1	Home > Gardening > Plants
101.2	Home > Gardening > Gardens
101.3	Home > Gardening > Organizations
101.4	Home > Gardening > Bonsai_and_Suiseki
101.5	Home > Gardening > Landscaping
101.6	Home > Gardening > Soil_and_Additives
101.7	Home > Gardening > FAQs,_Help,_and_Tutorials
101.8	Home > Gardening > News_and_Media
101.9	Home > Gardening > History
101.10	Home > Gardening > Organic
102.1	Home > Home_Improvement > Climate_Control
102.2	Home > Home_Improvement > Energy_Efficiency
102.3	Home > Home_Improvement > Decorating
102.4	Home > Home_Improvement > Restoration
102.5	Home > Home_Improvement > News_and_Media
102.6	Home > Home_Improvement > Automation
102.7	Home > Home_Improvement > Painting
102.8	Home > Home_Improvement > Design_and_Construction
102.9	Home > Home_Improvement > Floors
102.10	Home > Home_Improvement > Plumbing
103.1	Home > Personal_Finance > Money_Management
103.2	Home > Personal_Finance > Insurance
103.3	Home > Personal_Finance > Tax_Preparation
103.4	Home > Personal_Finance > Retirement
103.5	Home > Personal_Finance > Software
103.6	Home > Personal_Finance > Investing
103.7	Home > Personal_Finance > Unclaimed_Money
103.8	Home > Personal_Finance > Philanthropy
104.1	Kids_and_Teens > Arts > Music
104.2	Kids_and_Teens > Arts > Online_Stories
104.3	Kids_and_Teens > Arts > Dance
104.4	Kids_and_Teens > Arts > Painting
104.5	Kids_and_Teens > Arts > Photography
104.6	Kids_and_Teens > Arts > Graphic_Design
104.7	Kids_and_Teens > Arts > Children's_Museums
104.8	Kids_and_Teens > Arts > Creative_Writing
104.9	Kids_and_Teens > Arts > Sculpture
104.10	Kids_and_Teens > Arts > Showcases_for_Kids'_Art
105.1	Kids_and_Teens > Entertainment > Animation
105.2	Kids_and_Teens > Entertainment > Bands_and_Artists
105.3	Kids_and_Teens > Entertainment > Television
105.4	Kids_and_Teens > Entertainment > Movies
105.5	Kids_and_Teens > Entertainment > People
105.6	Kids_and_Teens > Entertainment > Comics
105.7	Kids_and_Teens > Entertainment > Magazines_and_E-zines
105.8	Kids_and_Teens > Entertainment > Radio
106.1	Kids_and_Teens > Games > Computer_and_Video
106.2	Kids_and_Teens > Games > Online
106.3	Kids_and_Teens > Games > Puzzles_and_Mazes
106.4	Kids_and_Teens > Games > Board_Games
106.5	Kids_and_Teens > Games > Word_Play
106.6	Kids_and_Teens > Games > Outdoor_and_Yard_Games
106.7	Kids_and_Teens > Games > Trading_Card_Games
106.8	Kids_and_Teens > Games > Hand_Games
106.9	Kids_and_Teens > Games > Card_Games
106.10	Kids_and_Teens > Games > Dice
107.1	Kids_and_Teens > Health > Conditions_and_Diseases
107.2	Kids_and_Teens > Health > Safety
107.3	Kids_and_Teens > Health > Emotional_Health_and_Wellbeing
107.4	Kids_and_Teens > Health > Substance_Abuse
107.5	Kids_and_Teens > Health > Nutrition
107.6	Kids_and_Teens > Health > Teens
107.7	Kids_and_Teens > Health > Dental
107.8	Kids_and_Teens > Health > Fitness
107.9	Kids_and_Teens > Health > Abuse
107.10	Kids_and_Teens > Health > First_Aid
108.1	Kids_and_Teens > International > Français
108.2	Kids_and_Teens > International > Deutsch
108.3	Kids_and_Teens > International > Japanese
108.4	Kids_and_Teens > International > Español
108.5	Kids_and_Teens > International > Nederlands
108.6	Kids_and_Teens > International > Česky
108.7	Kids_and_Teens > International > Chinese_Traditional
108.8	Kids_and_Teens > International > Italiano
108.9	Kids_and_Teens > International > Chinese_Simplified
108.10	Kids_and_Teens > International > Dansk
109.1	Kids_and_Teens > People_and_Society > Biography
109.2	Kids_and_Teens > People_and_Society > Organizations
109.3	Kids_and_Teens > People_and_Society > Personal_Homepages
109.4	Kids_and_Teens > People_and_Society > Holidays_and_Special_Days
109.5	Kids_and_Teens > People_and_Society > Religion_and_Spirituality
109.6	Kids_and_Teens > People_and_Society > Volunteering_and_Service
109.7	Kids_and_Teens > People_and_Society > Psychology
109.8	Kids_and_Teens > People_and_Society > Careers
109.9	Kids_and_Teens > People_and_Society > Online_Communities
109.10	Kids_and_Teens > People_and_Society > Genealogy
110.1	Kids_and_Teens > Pre-School > Television
110.2	Kids_and_Teens > Pre-School > Drawing_and_Coloring
110.3	Kids_and_Teens > Pre-School > ABC's_and_123's
110.4	Kids_and_Teens > Pre-School > Online_Stories
110.5	Kids_and_Teens > Pre-School > Animals
110.6	Kids_and_Teens > Pre-School > Shapes_and_Colors
110.7	Kids_and_Teens > Pre-School > Games
110.8	Kids_and_Teens > Pre-School > People
110.9	Kids_and_Teens > Pre-School > Crafts
110.10	Kids_and_Teens > Pre-School > Food
111.1	Kids_and_Teens > School_Time > Science
111.2	Kids_and_Teens > School_Time > Social_Studies
111.3	Kids_and_Teens > School_Time > English
111.4	Kids_and_Teens > School_Time > Math
111.5	Kids_and_Teens > School_Time > Reference_Tools
111.6	Kids_and_Teens > School_Time > Foreign_Languages
111.7	Kids_and_Teens > School_Time > Homework_Help
111.8	Kids_and_Teens > School_Time > Higher_Education
111.9	Kids_and_Teens > School_Time > Home_Schooling
112.1	Kids_and_Teens > Sports_and_Hobbies > Summer_Camps
112.2	Kids_and_Teens > Sports_and_Hobbies > Sports
112.3	Kids_and_Teens > Sports_and_Hobbies > Toys
112.4	Kids_and_Teens > Sports_and_Hobbies > Crafts
112.5	Kids_and_Teens > Sports_and_Hobbies > Drawing_and_Coloring
112.6	Kids_and_Teens > Sports_and_Hobbies > Radio
112.7	Kids_and_Teens > Sports_and_Hobbies > Cooking
112.8	Kids_and_Teens > Sports_and_Hobbies > Trading_and_Collecting
112.9	Kids_and_Teens > Sports_and_Hobbies > Gardening
112.10	Kids_and_Teens > Sports_and_Hobbies > Humor
113.1	Kids_and_Teens > Teen_Life > Sexuality
113.2	Kids_and_Teens > Teen_Life > Girls_Only
113.3	Kids_and_Teens > Teen_Life > Advice
113.4	Kids_and_Teens > Teen_Life > Magazines_and_E-zines
113.5	Kids_and_Teens > Teen_Life > Creative_Expression
113.6	Kids_and_Teens > Teen_Life > Driver's_Education
113.7	Kids_and_Teens > Teen_Life > Online_Communities
113.8	Kids_and_Teens > Teen_Life > Memorial_Pages
113.9	Kids_and_Teens > Teen_Life > Suicide
113.10	Kids_and_Teens > Teen_Life > Fashion
114.1	News > Media > Journalism
114.2	News > Media > Services
114.3	News > Media > Participatory
114.4	News > Media > Industry_News
114.5	News > Media > Media_Literacy
114.6	News > Media > Analysis_and_Opinion
114.7	News > Media > Watchdogs
114.8	News > Media > Employment
114.9	News > Media > Organizations
114.10	News > Media > Access_to_Airwaves
115.1	News > Newspapers > Regional
115.2	News > Newspapers > Student
115.3	News > Newspapers > Publishers
115.4	News > Newspapers > Directories
115.5	News > Newspapers > Military_Bases
115.6	News > Newspapers > International
116.1	News > Weather > Snow_and_Ski_Forecasts
116.2	News > Weather > Commercial_Products
116.3	News > Weather > Aviation
116.4	News > Weather > Marine
116.5	News > Weather > Directories
116.6	News > Weather > Hazards_and_Extremes
116.7	News > Weather > Agricultural
116.8	News > Weather > Imagery
116.9	News > Weather > Travel_Conditions
116.10	News > Weather > UV_Index
117.1	Recreation > Antiques > Farm_and_Ranch_Equipment
117.2	Recreation > Antiques > Rugs
117.3	Recreation > Antiques > Radio
117.4	Recreation > Antiques > Medical_and_Scientific
117.5	Recreation > Antiques > Ceramics_and_Pottery
117.6	Recreation > Antiques > Tools
117.7	Recreation > Antiques > Telephones_and_Telegraphs
117.8	Recreation > Antiques > Photographs
117.9	Recreation > Antiques > Publications
117.10	Recreation > Antiques > Directories
118.1	Recreation > Audio > HiFi
118.2	Recreation > Audio > Do-It-Yourself
118.3	Recreation > Audio > Home_Recording
118.4	Recreation > Audio > Minidisc
118.5	Recreation > Audio > Antique_Recording_Technologies
118.6	Recreation > Audio > Jukeboxes
119.1	Recreation > Autos > Makes_and_Models
119.2	Recreation > Autos > Enthusiasts
119.3	Recreation > Autos > Repair
119.4	Recreation > Autos > Clubs
119.5	Recreation > Autos > Events_and_Shows
119.6	Recreation > Autos > Magazines_and_E-zines
119.7	Recreation > Autos > Driving_and_Safety
119.8	Recreation > Autos > Image_Galleries
119.9	Recreation > Autos > Audio_and_Alarms
119.10	Recreation > Autos > Chats_and_Forums
120.1	Recreation > Aviation > Model_Aviation
120.2	Recreation > Aviation > Aircraft
120.3	Recreation > Aviation > Ballooning
120.4	Recreation > Aviation > Organizations
120.5	Recreation > Aviation > Skydiving
120.6	Recreation > Aviation > Personal_Pages
120.7	Recreation > Aviation > Pilots
120.8	Recreation > Aviation > Events
120.9	Recreation > Aviation > Multimedia
120.10	Recreation > Aviation > Military
121.1	Recreation > Birding > North_America
121.2	Recreation > Birding > Europe
121.3	Recreation > Birding > Backyard_Birding
121.4	Recreation > Birding > Oceania
121.5	Recreation > Birding > South_America
121.6	Recreation > Birding > Asia
121.7	Recreation > Birding > Africa
121.8	Recreation > Birding > Central_America
121.9	Recreation > Birding > Photography
121.10	Recreation > Birding > Software
122.1	Recreation > Boating > Sailing
122.2	Recreation > Boating > Canals
122.3	Recreation > Boating > Paddling
122.4	Recreation > Boating > Power_Boating
122.5	Recreation > Boating > Associations
122.6	Recreation > Boating > Safety
122.7	Recreation > Boating > Directories
122.8	Recreation > Boating > Events
122.9	Recreation > Boating > News_and_Media
122.10	Recreation > Boating > Education
123.1	Recreation > Camps > North_America
123.2	Recreation > Camps > Special_Needs
123.3	Recreation > Camps > Day
123.4	Recreation > Camps > Travel_and_Adventure
123.5	Recreation > Camps > Performing_Arts
123.6	Recreation > Camps > Alumni
123.7	Recreation > Camps > Equestrian
123.8	Recreation > Camps > Directories
123.9	Recreation > Camps > Academic
123.10	Recreation > Camps > Employment
124.1	Recreation > Climbing > Organizations
124.2	Recreation > Climbing > Personal_Pages
124.3	Recreation > Climbing > Guides_and_Schools
124.4	Recreation > Climbing > By_Region
124.5	Recreation > Climbing > Indoor
124.6	Recreation > Climbing > Mountaineering
124.7	Recreation > Climbing > Ice_Climbing
124.8	Recreation > Climbing > Books_and_Videos
124.9	Recreation > Climbing > Rock_Climbing
124.10	Recreation > Climbing > Chats_and_Forums
125.1	Recreation > Collecting > Toys
125.2	Recreation > Collecting > Stamps
125.3	Recreation > Collecting > Food_and_Drink_Related
125.4	Recreation > Collecting > Coins
125.5	Recreation > Collecting > Paper_Money
125.6	Recreation > Collecting > Themes
125.7	Recreation > Collecting > Models
125.8	Recreation > Collecting > Postcards
125.9	Recreation > Collecting > Sports
125.10	Recreation > Collecting > Glassware
126.1	Recreation > Food > Drink
126.2	Recreation > Food > Dining_Guides
126.3	Recreation > Food > Events
126.4	Recreation > Food > Confectionery
126.5	Recreation > Food > Meat
126.6	Recreation > Food > Cheese
126.7	Recreation > Food > History
126.8	Recreation > Food > Wild_Foods
126.9	Recreation > Food > Spicy
126.10	Recreation > Food > Fast_Food
127.1	Recreation > Guns > Competition_Shooting
127.2	Recreation > Guns > Education
127.3	Recreation > Guns > Organizations
127.4	Recreation > Guns > Reloading
127.5	Recreation > Guns > Range_Facilities
127.6	Recreation > Guns > Blackpowder
127.7	Recreation > Guns > Shooting
127.8	Recreation > Guns > Homemade
127.9	Recreation > Guns > Model_or_Type_Specific
127.10	Recreation > Guns > Toy
128.1	Recreation > Humor > Personal_Pages
128.2	Recreation > Humor > Bizarre
128.3	Recreation > Humor > Jokes
128.4	Recreation > Humor > Useless_Pages
128.5	Recreation > Humor > Wordplay
128.6	Recreation > Humor > Computer
128.7	Recreation > Humor > Satire
128.8	Recreation > Humor > Parodies
128.9	Recreation > Humor > Science
128.10	Recreation > Humor > Magazines_and_E-zines
129.1	Recreation > Kites > Plans
129.2	Recreation > Kites > Personal_Pages
129.3	Recreation > Kites > Organizations
129.4	Recreation > Kites > Events
129.5	Recreation > Kites > Kite_Aerial_Photography
129.6	Recreation > Kites > Traction
129.7	Recreation > Kites > Chats_and_Forums
129.8	Recreation > Kites > Display_Teams
129.9	Recreation > Kites > Calendars
129.10	Recreation > Kites > Design_and_Construction
130.1	Recreation > Living_History > By_Historical_Region
130.2	Recreation > Living_History > Society_for_Creative_Anachronism
130.3	Recreation > Living_History > By_Topic
130.4	Recreation > Living_History > By_Time_Period
130.5	Recreation > Living_History > Historical_Impersonators
130.6	Recreation > Living_History > Magazines_and_E-zines
131.1	Recreation > Models > Railroad
131.2	Recreation > Models > Scale
131.3	Recreation > Models > Dollhouse_Miniatures
131.4	Recreation > Models > RC
131.5	Recreation > Models > Rockets
131.6	Recreation > Models > Boats_and_Ships
131.7	Recreation > Models > Paper
132.1	Recreation > Motorcycles > Makes_and_Models
132.2	Recreation > Motorcycles > Organizations
132.3	Recreation > Motorcycles > Touring
132.4	Recreation > Motorcycles > Schools
132.5	Recreation > Motorcycles > ATVs
132.6	Recreation > Motorcycles > Events
132.7	Recreation > Motorcycles > Classic
132.8	Recreation > Motorcycles > Personal_Pages
132.9	Recreation > Motorcycles > Dirt_Bikes
132.10	Recreation > Motorcycles > Publications
133.1	Recreation > Outdoors > Fishing
133.2	Recreation > Outdoors > Hunting
133.3	Recreation > Outdoors > Camping
133.4	Recreation > Outdoors > Scuba_Diving
133.5	Recreation > Outdoors > Wildlife
133.6	Recreation > Outdoors > Guides_and_Outfitters
133.7	Recreation > Outdoors > Caving
133.8	Recreation > Outdoors > Urban_Exploration
133.9	Recreation > Outdoors > Hiking
133.10	Recreation > Outdoors > Snowmobiling
134.1	Recreation > Pets > Dogs
134.2	Recreation > Pets > Cats
134.3	Recreation > Pets > Birds
134.4	Recreation > Pets > Fish_and_Aquaria
134.5	Recreation > Pets > Rodents
134.6	Recreation > Pets > Reptiles_and_Amphibians
134.7	Recreation > Pets > Rabbits
134.8	Recreation > Pets > Ferrets
134.9	Recreation > Pets > Exotic
134.10	Recreation > Pets > Animal_Assisted_Therapy
135.1	Recreation > Roads_and_Highways > North_America
135.2	Recreation > Roads_and_Highways > Route_66
135.3	Recreation > Roads_and_Highways > Photography
135.4	Recreation > Roads_and_Highways > Bridges_and_Tunnels
135.5	Recreation > Roads_and_Highways > Exit_Lists
135.6	Recreation > Roads_and_Highways > Europe
135.7	Recreation > Roads_and_Highways > Signs_and_Signals
135.8	Recreation > Roads_and_Highways > Online_Traffic_Cameras
135.9	Recreation > Roads_and_Highways > Historic
135.10	Recreation > Roads_and_Highways > Interchanges
136.1	Recreation > Scouting > Organizations
136.2	Recreation > Scouting > Regional
136.3	Recreation > Scouting > Resources
136.4	Recreation > Scouting > Campsites
136.5	Recreation > Scouting > History
136.6	Recreation > Scouting > Collectibles
136.7	Recreation > Scouting > Events
136.8	Recreation > Scouting > Personal_Pages
136.9	Recreation > Scouting > Directories
136.10	Recreation > Scouting > Chats_and_Forums
137.1	Recreation > Theme_Parks > Disney
137.2	Recreation > Theme_Parks > Individual_Parks
137.3	Recreation > Theme_Parks > Attractions
137.4	Recreation > Theme_Parks > Water_Parks
137.5	Recreation > Theme_Parks > Amusement_Centers
137.6	Recreation > Theme_Parks > Guides
137.7	Recreation > Theme_Parks > Defunct
137.8	Recreation > Theme_Parks > Legoland
137.9	Recreation > Theme_Parks > Six_Flags
137.10	Recreation > Theme_Parks > Paramount
138.1	Recreation > Tobacco > Cigars
138.2	Recreation > Tobacco > Pipes
138.3	Recreation > Tobacco > Cigarettes
138.4	Recreation > Tobacco > Smokeless
138.5	Recreation > Tobacco > Magazines_and_E-zines
138.6	Recreation > Tobacco > Hookah
139.1	Recreation > Trains_and_Railroads > Miniature
139.2	Recreation > Trains_and_Railroads > Organizations
139.3	Recreation > Trains_and_Railroads > History
139.4	Recreation > Trains_and_Railroads > Personal_Pages
139.5	Recreation > Trains_and_Railroads > Photographs
139.6	Recreation > Trains_and_Railroads > Rail-fanning_and_Train-spotting
139.7	Recreation > Trains_and_Railroads > Directories
139.8	Recreation > Trains_and_Railroads > News_and_Magazines
139.9	Recreation > Trains_and_Railroads > Art_and_Graphics
139.10	Recreation > Trains_and_Railroads > Funiculars
140.1	Reference > Archives > Regional
140.2	Reference > Archives > Records_Management
140.3	Reference > Archives > University
140.4	Reference > Archives > Arts
140.5	Reference > Archives > Social_History
140.6	Reference > Archives > Medical
140.7	Reference > Archives > Professional_Resources
140.8	Reference > Archives > Personal
141.1	Reference > Dictionaries > World_Languages
141.2	Reference > Dictionaries > By_Subject
141.3	Reference > Dictionaries > Acronyms
141.4	Reference > Dictionaries > Etymology
141.5	Reference > Dictionaries > Vocabulary_Lists
141.6	Reference > Dictionaries > Symbols
141.7	Reference > Dictionaries > Rhyming
141.8	Reference > Dictionaries > Sign_Languages
141.9	Reference > Dictionaries > Pronouncing
142.1	Reference > Education > Colleges_and_Universities
142.2	Reference > Education > K_through_12
142.3	Reference > Education > Products_and_Services
142.4	Reference > Education > International
142.5	Reference > Education > Distance_Learning
142.6	Reference > Education > Special_Education
142.7	Reference > Education > Instructional_Technology
142.8	Reference > Education > Methods_and_Theories
142.9	Reference > Education > Organizations
142.10	Reference > Education > Educators
143.1	Reference > Knowledge_Management > Knowledge_Creation
143.2	Reference > Knowledge_Management > Knowledge_Representation
143.3	Reference > Knowledge_Management > Knowledge_Discovery
143.4	Reference > Knowledge_Management > Information_Assets
143.5	Reference > Knowledge_Management > Business_and_Companies
143.6	Reference > Knowledge_Management > Knowledge_Flow
143.7	Reference > Knowledge_Management > Information_Architecture
143.8	Reference > Knowledge_Management > Knowledge_Retrieval
143.9	Reference > Knowledge_Management > Software
143.10	Reference > Knowledge_Management > Information_Overload
144.1	Reference > Libraries > Library_and_Information_Science
144.2	Reference > Libraries > Subject_Specific
144.3	Reference > Libraries > Research
144.4	Reference > Libraries > Friends_of_the_Library
144.5	Reference > Libraries > Digital
144.6	Reference > Libraries > National
144.7	Reference > Libraries > Special_Collections
144.8	Reference > Libraries > College_and_University
144.9	Reference > Libraries > Independent
144.10	Reference > Libraries > Government_Documents
145.1	Reference > Maps > Libraries
145.2	Reference > Maps > Historical
145.3	Reference > Maps > Google_Maps
145.4	Reference > Maps > Directories
145.5	Reference > Maps > Collecting
145.6	Reference > Maps > Trip_Routing
146.1	Reference > Museums > History
146.2	Reference > Museums > Arts_and_Entertainment
146.3	Reference > Museums > Museum_Resources
146.4	Reference > Museums > Transportation
146.5	Reference > Museums > Science
146.6	Reference > Museums > Cultural
146.7	Reference > Museums > Military
146.8	Reference > Museums > Children's_Museums
146.9	Reference > Museums > Recreation_and_Sports
146.10	Reference > Museums > Directories
147.1	Reference > Quotations > Personal_Pages
147.2	Reference > Quotations > Inspirational
147.3	Reference > Quotations > Religion_and_Spirituality
147.4	Reference > Quotations > Wisdom
147.5	Reference > Quotations > Daily_and_Random
147.6	Reference > Quotations > Famous
147.7	Reference > Quotations > Sports
147.8	Reference > Quotations > Death_and_Dying
147.9	Reference > Quotations > Political
147.10	Reference > Quotations > Scientific
148.1	Science > Agriculture > Horticulture
148.2	Science > Agriculture > Field_Crops
148.3	Science > Agriculture > Animals
148.4	Science > Agriculture > Soils
148.5	Science > Agriculture > Forestry
148.6	Science > Agriculture > Pests_and_Diseases
148.7	Science > Agriculture > Sustainable_Agriculture
148.8	Science > Agriculture > Aquaculture
148.9	Science > Agriculture > Education
148.10	Science > Agriculture > Products_and_Services
149.1	Science > Anomalies_and_Alternative_Science > Cryptozoology
149.2	Science > Anomalies_and_Alternative_Science > Astronomy,_Alternative
149.3	Science > Anomalies_and_Alternative_Science > Criticism_of_Darwinism
149.4	Science > Anomalies_and_Alternative_Science > Geology,_Alternative
149.5	Science > Anomalies_and_Alternative_Science > Orgone_Energy
149.6	Science > Anomalies_and_Alternative_Science > Voynich_Manuscript
149.7	Science > Anomalies_and_Alternative_Science > Alchemy
149.8	Science > Anomalies_and_Alternative_Science > Personal_Pages
149.9	Science > Anomalies_and_Alternative_Science > The_Philadelphia_Experiment
149.10	Science > Anomalies_and_Alternative_Science > Research
150.1	Science > Astronomy > Amateur
150.2	Science > Astronomy > Solar_System
150.3	Science > Astronomy > Business
150.4	Science > Astronomy > Observatories
150.5	Science > Astronomy > History
150.6	Science > Astronomy > Software
150.7	Science > Astronomy > News_and_Media
150.8	Science > Astronomy > Extraterrestrial_Life
150.9	Science > Astronomy > Planetariums
150.10	Science > Astronomy > Stars
151.1	Science > Biology > Flora_and_Fauna
151.2	Science > Biology > Zoology
151.3	Science > Biology > Biochemistry_and_Molecular_Biology
151.4	Science > Biology > Genetics
151.5	Science > Biology > Ecology
151.6	Science > Biology > Botany
151.7	Science > Biology > Bioinformatics
151.8	Science > Biology > Microbiology
151.9	Science > Biology > Biotechnology
151.10	Science > Biology > Products_and_Services
152.1	Science > Chemistry > Elements
152.2	Science > Chemistry > Analytical
152.3	Science > Chemistry > Nuclear_Magnetic_Resonance
152.4	Science > Chemistry > Organic
152.5	Science > Chemistry > Academic_Departments
152.6	Science > Chemistry > Software
152.7	Science > Chemistry > Publications
152.8	Science > Chemistry > Education
152.9	Science > Chemistry > Electrochemistry
152.10	Science > Chemistry > Inorganic
153.1	Science > Earth_Sciences > Paleontology
153.2	Science > Earth_Sciences > Geology
153.3	Science > Earth_Sciences > Atmospheric_Sciences
153.4	Science > Earth_Sciences > Oceanography
153.5	Science > Earth_Sciences > Geomatics
153.6	Science > Earth_Sciences > Geophysics
153.7	Science > Earth_Sciences > Natural_Disasters_and_Hazards
153.8	Science > Earth_Sciences > Quaternary_Studies
153.9	Science > Earth_Sciences > Publications
153.10	Science > Earth_Sciences > Geochemistry
154.1	Science > Educational_Resources > Science_Fairs
154.2	Science > Educational_Resources > Experiments
154.3	Science > Educational_Resources > Equipment
154.4	Science > Educational_Resources > Organizations
154.5	Science > Educational_Resources > Curriculum_Development
154.6	Science > Educational_Resources > Lesson_Plans
154.7	Science > Educational_Resources > Mentoring_Programs
154.8	Science > Educational_Resources > Assessment
155.1	Science > Environment > Water_Resources
155.2	Science > Environment > Biodiversity
155.3	Science > Environment > Air_Quality
155.4	Science > Environment > Organizations
155.5	Science > Environment > Products_and_Services
155.6	Science > Environment > Education
155.7	Science > Environment > Environmental_Health
155.8	Science > Environment > Sustainability
155.9	Science > Environment > Environmental_Monitoring
155.10	Science > Environment > Hazardous_Waste
156.1	Science > Instruments_and_Supplies > Laboratory_Equipment
156.2	Science > Instruments_and_Supplies > Laboratory_Automation_and_Robotics
156.3	Science > Instruments_and_Supplies > Distributors
156.4	Science > Instruments_and_Supplies > Lab_Furniture
156.5	Science > Instruments_and_Supplies > Laboratory_Instrument_Service,_Calibration,_and_Repair
156.6	Science > Instruments_and_Supplies > Isotopes
156.7	Science > Instruments_and_Supplies > Laboratory_Computers_and_Software
156.8	Science > Instruments_and_Supplies > Lab_Notebooks_and_Record_Keeping
156.9	Science > Instruments_and_Supplies > Lab_Consumables_and_Disposables
156.10	Science > Instruments_and_Supplies > Lab_Safety_Equipment
157.1	Science > Math > Number_Theory
157.2	Science > Math > Applications
157.3	Science > Math > Academic_Departments
157.4	Science > Math > Logic_and_Foundations
157.5	Science > Math > Statistics
157.6	Science > Math > Education
157.7	Science > Math > Recreations
157.8	Science > Math > Software
157.9	Science > Math > Geometry
157.10	Science > Math > Publications
158.1	Science > Physics > Education
158.2	Science > Physics > Relativity
158.3	Science > Physics > Optics
158.4	Science > Physics > Particle
158.5	Science > Physics > Quantum_Mechanics
158.6	Science > Physics > Electromagnetism
158.7	Science > Physics > Mathematical_Physics
158.8	Science > Physics > Academia
158.9	Science > Physics > Alternative
158.10	Science > Physics > Plasma
159.1	Science > Science_in_Society > Forensic_Science
159.2	Science > Science_in_Society > Skeptical_Inquiry
159.3	Science > Science_in_Society > Science_and_Religion
159.4	Science > Science_in_Society > Academic_Departments
159.5	Science > Science_in_Society > Science_and_Technology_Policy
159.6	Science > Science_in_Society > Research_Ethics
159.7	Science > Science_in_Society > Weblogs
159.8	Science > Science_in_Society > The_Science_Wars
159.9	Science > Science_in_Society > Chats_and_Forums
160.1	Science > Social_Sciences > Linguistics
160.2	Science > Social_Sciences > Archaeology
160.3	Science > Social_Sciences > Psychology
160.4	Science > Social_Sciences > Economics
160.5	Science > Social_Sciences > Geography
160.6	Science > Social_Sciences > Sociology
160.7	Science > Social_Sciences > Political_Science
160.8	Science > Social_Sciences > Anthropology
160.9	Science > Social_Sciences > Urban_and_Regional_Planning
160.10	Science > Social_Sciences > Area_Studies
161.1	Science > Technology > Energy
161.2	Science > Technology > Space
161.3	Science > Technology > Electronics
161.4	Science > Technology > Structural_Engineering
161.5	Science > Technology > Aerospace
161.6	Science > Technology > Software_for_Engineering
161.7	Science > Technology > Civil_Engineering
161.8	Science > Technology > Mechanical_Engineering
161.9	Science > Technology > Materials
161.10	Science > Technology > Acoustics,_Ultrasound_and_Vibration
162.1	Shopping > Antiques_and_Collectibles > Coins
162.2	Shopping > Antiques_and_Collectibles > Toys_and_Games
162.3	Shopping > Antiques_and_Collectibles > Ephemera
162.4	Shopping > Antiques_and_Collectibles > Varied_Merchandise
162.5	Shopping > Antiques_and_Collectibles > Stamps
162.6	Shopping > Antiques_and_Collectibles > Militaria
162.7	Shopping > Antiques_and_Collectibles > Figurines
162.8	Shopping > Antiques_and_Collectibles > Furniture
162.9	Shopping > Antiques_and_Collectibles > Clocks_and_Watches
162.10	Shopping > Antiques_and_Collectibles > Clothing
163.1	Shopping > Auctions > Antiques_and_Collectibles
163.2	Shopping > Auctions > Specialty
163.3	Shopping > Auctions > Food_and_Wine
163.4	Shopping > Auctions > Search_Engines
163.5	Shopping > Auctions > Autos
163.6	Shopping > Auctions > Sports
163.7	Shopping > Auctions > Computers
163.8	Shopping > Auctions > Arts_and_Crafts
163.9	Shopping > Auctions > Charity
163.10	Shopping > Auctions > Entertainment
164.1	Shopping > Children > Baby
164.2	Shopping > Children > Home_Decor
164.3	Shopping > Children > Blankets_and_Bedding
164.4	Shopping > Children > Safety_Products_and_Services
164.5	Shopping > Children > Recordings
164.6	Shopping > Children > Varied_Merchandise
164.7	Shopping > Children > Personalized
164.8	Shopping > Children > Parties
164.9	Shopping > Children > Educational
164.10	Shopping > Children > Toilet_Training
165.1	Shopping > Classifieds > Automotive
165.2	Shopping > Classifieds > Watercraft
165.3	Shopping > Classifieds > Business_to_Business
165.4	Shopping > Classifieds > Aviation
165.5	Shopping > Classifieds > Real_Estate
165.6	Shopping > Classifieds > Free_Classifieds
166.1	Shopping > Clothing > Casual
166.2	Shopping > Clothing > Accessories
166.3	Shopping > Clothing > Footwear
166.4	Shopping > Clothing > Undergarments
166.5	Shopping > Clothing > Niche
166.6	Shopping > Clothing > Children's
166.7	Shopping > Clothing > Costumes
166.8	Shopping > Clothing > Women's
166.9	Shopping > Clothing > Ethnic_and_Regional
166.10	Shopping > Clothing > Men's
167.1	Shopping > Consumer_Electronics > Communications
167.2	Shopping > Consumer_Electronics > Accessories
167.3	Shopping > Consumer_Electronics > Audio
167.4	Shopping > Consumer_Electronics > Video
167.5	Shopping > Consumer_Electronics > Digital_Portable_Players
167.6	Shopping > Consumer_Electronics > Home_Theater
167.7	Shopping > Consumer_Electronics > Home_Automation
167.8	Shopping > Consumer_Electronics > S
167.9	Shopping > Consumer_Electronics > A
167.10	Shopping > Consumer_Electronics > E
168.1	Shopping > Crafts > Supplies
168.2	Shopping > Crafts > Woodcraft
168.3	Shopping > Crafts > Jewelry
168.4	Shopping > Crafts > Fiber_Arts
168.5	Shopping > Crafts > Ceramics
168.6	Shopping > Crafts > Dolls
168.7	Shopping > Crafts > Glass
168.8	Shopping > Crafts > Soft_Toys
168.9	Shopping > Crafts > Decorative_Painting
168.10	Shopping > Crafts > Nature
169.1	Shopping > Entertainment > Recordings
169.2	Shopping > Entertainment > Television_and_Movies
169.3	Shopping > Entertainment > Tickets
169.4	Shopping > Entertainment > Performing_Arts
169.5	Shopping > Entertainment > Party_Supplies
169.6	Shopping > Entertainment > Equipment
170.1	Shopping > Ethnic_and_Regional > North_American
170.2	Shopping > Ethnic_and_Regional > European
170.3	Shopping > Ethnic_and_Regional > Asian
170.4	Shopping > Ethnic_and_Regional > Oceanian
170.5	Shopping > Ethnic_and_Regional > African
170.6	Shopping > Ethnic_and_Regional > Middle_Eastern
170.7	Shopping > Ethnic_and_Regional > Latin_American
170.8	Shopping > Ethnic_and_Regional > Caribbean
171.1	Shopping > Food > Beverages
171.2	Shopping > Food > Ethnic_and_Regional
171.3	Shopping > Food > Meat
171.4	Shopping > Food > Confectionery
171.5	Shopping > Food > Condiments
171.6	Shopping > Food > Gifts
171.7	Shopping > Food > Produce
171.8	Shopping > Food > Baked_Goods
171.9	Shopping > Food > Seasonings
171.10	Shopping > Food > Fish_and_Seafood
172.1	Shopping > General_Merchandise > Novelties
172.2	Shopping > General_Merchandise > C
172.3	Shopping > General_Merchandise > S
172.4	Shopping > General_Merchandise > A
172.5	Shopping > General_Merchandise > G
172.6	Shopping > General_Merchandise > M
172.7	Shopping > General_Merchandise > B
172.8	Shopping > General_Merchandise > Major_Retailers
172.9	Shopping > General_Merchandise > P
172.10	Shopping > General_Merchandise > T
173.1	Shopping > Gifts > Personalized
173.2	Shopping > Gifts > Stationery
173.3	Shopping > Gifts > Gift_Baskets
173.4	Shopping > Gifts > Gag_Gifts
173.5	Shopping > Gifts > Gift_Registry
173.6	Shopping > Gifts > Gift_Certificates
173.7	Shopping > Gifts > Clubs
173.8	Shopping > Gifts > Balloons
174.1	Shopping > Health > Alternative
174.2	Shopping > Health > Beauty
174.3	Shopping > Health > Nutrition
174.4	Shopping > Health > Disabilities
174.5	Shopping > Health > Conditions_and_Diseases
174.6	Shopping > Health > Reproduction_and_Sexuality
174.7	Shopping > Health > Weight_Loss
174.8	Shopping > Health > Vision
174.9	Shopping > Health > Massage_Equipment
174.10	Shopping > Health > Pharmacy
175.1	Shopping > Home_and_Garden > Furniture
175.2	Shopping > Home_and_Garden > Accessories
175.3	Shopping > Home_and_Garden > Plants
175.4	Shopping > Home_and_Garden > Kitchen_and_Dining
175.5	Shopping > Home_and_Garden > Floors
175.6	Shopping > Home_and_Garden > Garden_Accessories
175.7	Shopping > Home_and_Garden > Home_Improvement
175.8	Shopping > Home_and_Garden > Decor_and_Design
175.9	Shopping > Home_and_Garden > Electrical
175.10	Shopping > Home_and_Garden > Cleaning
176.1	Shopping > Jewelry > Handcrafted
176.2	Shopping > Jewelry > Supplies
176.3	Shopping > Jewelry > Theme
176.4	Shopping > Jewelry > Watches
176.5	Shopping > Jewelry > Ethnic_and_Regional
176.6	Shopping > Jewelry > Precious_Metals
176.7	Shopping > Jewelry > Varied_Merchandise
176.8	Shopping > Jewelry > Diamonds
176.9	Shopping > Jewelry > Bead_and_Gemstone
176.10	Shopping > Jewelry > Wedding
177.1	Shopping > Niche > Military
177.2	Shopping > Niche > Bodyart
177.3	Shopping > Niche > Green_Living
177.4	Shopping > Niche > Gay,_Lesbian,_and_Bisexual
177.5	Shopping > Niche > Hippie
177.6	Shopping > Niche > Gothic
177.7	Shopping > Niche > Politics
177.8	Shopping > Niche > Transgendered
177.9	Shopping > Niche > Occupations
177.10	Shopping > Niche > Vegan
178.1	Shopping > Pets > Cats_and_Dogs
178.2	Shopping > Pets > Supplies
178.3	Shopping > Pets > Reptiles_and_Amphibians
178.4	Shopping > Pets > Birds
178.5	Shopping > Pets > Theme_Merchandise
178.6	Shopping > Pets > Fish
178.7	Shopping > Pets > Loss
178.8	Shopping > Pets > Small_Mammals
178.9	Shopping > Pets > Software
178.10	Shopping > Pets > Breeders_and_Dealers
179.1	Shopping > Photography > Services
179.2	Shopping > Photography > Cameras_and_Camcorders
179.3	Shopping > Photography > Accessories
179.4	Shopping > Photography > Albums_and_Frames
179.5	Shopping > Photography > Used_Equipment
179.6	Shopping > Photography > Security
179.7	Shopping > Photography > Backgrounds_and_Props
179.8	Shopping > Photography > Film
180.1	Shopping > Publications > Books
180.2	Shopping > Publications > Digital
180.3	Shopping > Publications > Maps
180.4	Shopping > Publications > University_Presses
180.5	Shopping > Publications > Comics
180.6	Shopping > Publications > Calendars
180.7	Shopping > Publications > Magazines
180.8	Shopping > Publications > Catalogs
181.1	Shopping > Recreation > Outdoors
181.2	Shopping > Recreation > Models
181.3	Shopping > Recreation > Guns
181.4	Shopping > Recreation > Science_and_Nature
181.5	Shopping > Recreation > Genealogy
181.6	Shopping > Recreation > Aviation
181.7	Shopping > Recreation > Knives
181.8	Shopping > Recreation > Drugs
181.9	Shopping > Recreation > Kites
181.10	Shopping > Recreation > Living_History
182.1	Shopping > Sports > Equestrian
182.2	Shopping > Sports > Motorsports
182.3	Shopping > Sports > Golf
182.4	Shopping > Sports > Water_Sports
182.5	Shopping > Sports > Martial_Arts
182.6	Shopping > Sports > Cycling
182.7	Shopping > Sports > Software
182.8	Shopping > Sports > Fitness
182.9	Shopping > Sports > Baseball
182.10	Shopping > Sports > Boarding
183.1	Shopping > Tools > Woodworking
183.2	Shopping > Tools > Vehicle_Repair
183.3	Shopping > Tools > Gardening
183.4	Shopping > Tools > Trade_Specific_and_Specialty
183.5	Shopping > Tools > Power_Tools
183.6	Shopping > Tools > Industrial
183.7	Shopping > Tools > Tooling_and_Consumables
184.1	Shopping > Toys_and_Games > Games
184.2	Shopping > Toys_and_Games > Varied_Merchandise
184.3	Shopping > Toys_and_Games > Stuffed_Animals
184.4	Shopping > Toys_and_Games > Novelty
184.5	Shopping > Toys_and_Games > Educational
184.6	Shopping > Toys_and_Games > Trading_Cards
184.7	Shopping > Toys_and_Games > Wooden
184.8	Shopping > Toys_and_Games > Puppets
184.9	Shopping > Toys_and_Games > Action_Figures
184.10	Shopping > Toys_and_Games > Dolls
185.1	Shopping > Vehicles > Parts_and_Accessories
185.2	Shopping > Vehicles > Motorcycles
185.3	Shopping > Vehicles > Watercraft
185.4	Shopping > Vehicles > Autos
185.5	Shopping > Vehicles > Aircraft
185.6	Shopping > Vehicles > Trucks,_Vans,_and_Sport_Utility
185.7	Shopping > Vehicles > Directories
186.1	Shopping > Visual_Arts > Painting
186.2	Shopping > Visual_Arts > Photography
186.3	Shopping > Visual_Arts > Thematic
186.4	Shopping > Visual_Arts > Multiple_Media_Artists
186.5	Shopping > Visual_Arts > Supplies
186.6	Shopping > Visual_Arts > Galleries
186.7	Shopping > Visual_Arts > Ethnic_and_Regional
186.8	Shopping > Visual_Arts > Artist_Created_Prints
186.9	Shopping > Visual_Arts > Portraits_from_Photos
186.10	Shopping > Visual_Arts > Sculpture
187.1	Society > Activism > Media
187.2	Society > Activism > Regional
187.3	Society > Activism > Anti-Corporation
187.4	Society > Activism > Nonviolence
187.5	Society > Activism > In_Daily_Life
187.6	Society > Activism > Internet
187.7	Society > Activism > Resources
187.8	Society > Activism > Community_Building
187.9	Society > Activism > Multi-Issue
187.10	Society > Activism > Cacerolazo
188.1	Society > Crime > Organized_Crime
188.2	Society > Crime > Murder
188.3	Society > Crime > Sex_Offenses
188.4	Society > Crime > Theft
188.5	Society > Crime > Prevention
188.6	Society > Crime > Publications
188.7	Society > Crime > Research
188.8	Society > Crime > Prisons
188.9	Society > Crime > Trials
188.10	Society > Crime > Victims
189.1	Society > Disabled > Travel
189.2	Society > Disabled > Arts
189.3	Society > Disabled > Service_Animals
189.4	Society > Disabled > Assistive_Technology
189.5	Society > Disabled > Education
189.6	Society > Disabled > News_and_Media
189.7	Society > Disabled > Organizations
189.8	Society > Disabled > Employment
189.9	Society > Disabled > Universal_Design
189.10	Society > Disabled > Family_Resources
190.1	Society > Ethnicity > The_Americas
190.2	Society > Ethnicity > Asian
190.3	Society > Ethnicity > African
190.4	Society > Ethnicity > Celtic
190.5	Society > Ethnicity > Slavic
190.6	Society > Ethnicity > Romani
190.7	Society > Ethnicity > Indigenous_People
190.8	Society > Ethnicity > Multiracial
190.9	Society > Ethnicity > Hispanic_and_Latino
190.10	Society > Ethnicity > Finno-Ugric
191.1	Society > Future > Transhumanism
191.2	Society > Future > Predictions
191.3	Society > Future > Catastrophes
191.4	Society > Future > Organizations
191.5	Society > Future > Consultants
191.6	Society > Future > Essays
191.7	Society > Future > Personal_Pages
191.8	Society > Future > Utopias
191.9	Society > Future > News_and_Media
191.10	Society > Future > Chats_and_Forums
192.1	Society > Gay,_Lesbian,_and_Bisexual > Arts_and_Entertainment
192.2	Society > Gay,_Lesbian,_and_Bisexual > Gay_Men
192.3	Society > Gay,_Lesbian,_and_Bisexual > Travel
192.4	Society > Gay,_Lesbian,_and_Bisexual > Student
192.5	Society > Gay,_Lesbian,_and_Bisexual > Religion_and_Spirituality
192.6	Society > Gay,_Lesbian,_and_Bisexual > Lesbian
192.7	Society > Gay,_Lesbian,_and_Bisexual > Sports
192.8	Society > Gay,_Lesbian,_and_Bisexual > Bisexual
192.9	Society > Gay,_Lesbian,_and_Bisexual > Computers_and_Internet
192.10	Society > Gay,_Lesbian,_and_Bisexual > Recreation
193.1	Society > Genealogy > Surnames
193.2	Society > Genealogy > Services
193.3	Society > Genealogy > Religions
193.4	Society > Genealogy > Software
193.5	Society > Genealogy > Resources
193.6	Society > Genealogy > Chats_and_Forums
193.7	Society > Genealogy > Royalty
193.8	Society > Genealogy > By_Ethnic_Group
193.9	Society > Genealogy > Emigration_and_Immigration
193.10	Society > Genealogy > Directories
194.1	Society > Government > Multilateral
194.2	Society > Government > Finance
194.3	Society > Government > Parliaments_and_Legislatures
194.4	Society > Government > Government-Related_Organizations
194.5	Society > Government > Foreign_Ministries
194.6	Society > Government > Aviation_Authorities
194.7	Society > Government > Intelligence
194.8	Society > Government > Defense_Ministries
194.9	Society > Government > Guides_and_Directories
194.10	Society > Government > Companies_Registries
195.1	Society > History > By_Time_Period
195.2	Society > History > By_Region
195.3	Society > History > By_Topic
195.4	Society > History > Academic_Departments
195.5	Society > History > Historians
195.6	Society > History > Education
195.7	Society > History > Organizations
195.8	Society > History > Timelines
195.9	Society > History > Journals
195.10	Society > History > On_This_Day_in_History
196.1	Society > Holidays > Halloween
196.2	Society > Holidays > Christmas
196.3	Society > Holidays > Thanksgiving
196.4	Society > Holidays > Guy_Fawkes_Day
196.5	Society > Holidays > Easter
196.6	Society > Holidays > Valentine's_Day
196.7	Society > Holidays > St._Patrick's_Day
196.8	Society > Holidays > Birthdays
196.9	Society > Holidays > New_Year
196.10	Society > Holidays > Earth_Day
197.1	Society > Issues > Warfare_and_Conflict
197.2	Society > Issues > Environment
197.3	Society > Issues > Health
197.4	Society > Issues > Children,_Youth_and_Family
197.5	Society > Issues > Human_Rights_and_Liberties
197.6	Society > Issues > Animal_Welfare
197.7	Society > Issues > Business
197.8	Society > Issues > Terrorism
197.9	Society > Issues > Violence_and_Abuse
197.10	Society > Issues > Intellectual_Property
198.1	Society > Law > Services
198.2	Society > Law > Legal_Information
198.3	Society > Law > Law_Enforcement
198.4	Society > Law > Organizations
198.5	Society > Law > Products
198.6	Society > Law > Education
198.7	Society > Law > Law_Libraries
198.8	Society > Law > Employment
198.9	Society > Law > Reference
198.10	Society > Law > News_and_Media
199.1	Society > Lifestyle_Choices > Vegetarianism
199.2	Society > Lifestyle_Choices > Veganism
199.3	Society > Lifestyle_Choices > Intentional_Communities
199.4	Society > Lifestyle_Choices > Childfree
199.5	Society > Lifestyle_Choices > Voluntary_Simplicity
199.6	Society > Lifestyle_Choices > Car_Free
199.7	Society > Lifestyle_Choices > Luddism
200.1	Society > Military > Veterans
200.2	Society > Military > Aviation
200.3	Society > Military > POW-MIA
200.4	Society > Military > Land_Forces
200.5	Society > Military > Special_Operations
200.6	Society > Military > People
200.7	Society > Military > Weapons_and_Equipment
200.8	Society > Military > Naval
200.9	Society > Military > News_and_Media
200.10	Society > Military > Arts_and_Literature
201.1	Society > Organizations > Fraternal
201.2	Society > Organizations > Student
201.3	Society > Organizations > Animal_Welfare
201.4	Society > Organizations > Service_Clubs
201.5	Society > Organizations > Nonprofit_Resources
201.6	Society > Organizations > Self_Improvement
201.7	Society > Organizations > Lineage
201.8	Society > Organizations > Development
201.9	Society > Organizations > High_Intelligence
201.10	Society > Organizations > Chivalric
202.1	Society > Paranormal > Psychic
202.2	Society > Paranormal > Ghosts
202.3	Society > Paranormal > UFOs
202.4	Society > Paranormal > Crop_Circles
202.5	Society > Paranormal > Prophecies
202.6	Society > Paranormal > Personal_Pages
202.7	Society > Paranormal > Organizations
202.8	Society > Paranormal > Chats_and_Forums
202.9	Society > Paranormal > Magazines_and_E-zines
202.10	Society > Paranormal > Bermuda_Triangle
203.1	Society > People > Personal_Homepages
203.2	Society > People > Women
203.3	Society > People > Generations_and_Age_Groups
203.4	Society > People > College_Life
203.5	Society > People > Men
203.6	Society > People > Expatriates
203.7	Society > People > Furry
203.8	Society > People > Otherkin
203.9	Society > People > Celebrities
203.10	Society > People > Requesting_Help
204.1	Society > Philanthropy > Organizations
204.2	Society > Philanthropy > Grants
204.3	Society > Philanthropy > Hunger_Relief
204.4	Society > Philanthropy > Cheer_and_Support
204.5	Society > Philanthropy > Volunteering
204.6	Society > Philanthropy > Child_Welfare
204.7	Society > Philanthropy > Medical_Relief
204.8	Society > Philanthropy > Homeless
204.9	Society > Philanthropy > Disaster_Relief_and_Recovery
204.10	Society > Philanthropy > International_Assistance
205.1	Society > Philosophy > Philosophers
205.2	Society > Philosophy > Reference
205.3	Society > Philosophy > Ethics
205.4	Society > Philosophy > History_of_Philosophy
205.5	Society > Philosophy > Philosophy_of_Science
205.6	Society > Philosophy > Academic_Departments
205.7	Society > Philosophy > Movements
205.8	Society > Philosophy > Philosophy_of_Mind
205.9	Society > Philosophy > Philosophy_of_Logic
205.10	Society > Philosophy > Personal_Pages
206.1	Society > Politics > Liberalism
206.2	Society > Politics > Conservatism
206.3	Society > Politics > Socialism
206.4	Society > Politics > Anarchism
206.5	Society > Politics > Campaigns_and_Elections
206.6	Society > Politics > News_and_Media
206.7	Society > Politics > Nationalism
206.8	Society > Politics > Consultants
206.9	Society > Politics > Lobbying
206.10	Society > Politics > Fascism
207.1	Society > Relationships > Weddings
207.2	Society > Relationships > Dating
207.3	Society > Relationships > Alternative_Lifestyles
207.4	Society > Relationships > Marriage
207.5	Society > Relationships > Advice
207.6	Society > Relationships > Divorce
207.7	Society > Relationships > Etiquette
207.8	Society > Relationships > Cyber_Relationships
207.9	Society > Relationships > Romance
207.10	Society > Relationships > Friendship
208.1	Society > Religion_and_Spirituality > Christianity
208.2	Society > Religion_and_Spirituality > Buddhism
208.3	Society > Religion_and_Spirituality > Esoteric_and_Occult
208.4	Society > Religion_and_Spirituality > Judaism
208.5	Society > Religion_and_Spirituality > Yoga
208.6	Society > Religion_and_Spirituality > Pagan
208.7	Society > Religion_and_Spirituality > Islam
208.8	Society > Religion_and_Spirituality > Divination
208.9	Society > Religion_and_Spirituality > New_Age
208.10	Society > Religion_and_Spirituality > Opposing_Views
209.1	Society > Sexuality > Tantra
209.2	Society > Sexuality > Sexual_Addiction
209.3	Society > Sexuality > Politics_of_Sexuality
209.4	Society > Sexuality > Sexology
209.5	Society > Sexuality > Sex_Education
209.6	Society > Sexuality > Advice
209.7	Society > Sexuality > Sacred_Sexuality
209.8	Society > Sexuality > Children_and_Adolescents
209.9	Society > Sexuality > Activities_and_Practices
209.10	Society > Sexuality > News
210.1	Society > Subcultures > Gothic
210.2	Society > Subcultures > Hip-Hop
210.3	Society > Subcultures > Cyberculture
210.4	Society > Subcultures > Rave
210.5	Society > Subcultures > Bikers
210.6	Society > Subcultures > Punk
210.7	Society > Subcultures > Geeks_and_Nerds
210.8	Society > Subcultures > Hippie
210.9	Society > Subcultures > Lounge_Culture
210.10	Society > Subcultures > Mod
211.1	Society > Support_Groups > Sexual_Abuse
211.2	Society > Support_Groups > Twelve_Step
211.3	Society > Support_Groups > Codependency
211.4	Society > Support_Groups > Opposing_Views
211.5	Society > Support_Groups > Rape
211.6	Society > Support_Groups > Ritual_Abuse
212.1	Society > Transgendered > Male_to_Female
212.2	Society > Transgendered > Crossdressing
212.3	Society > Transgendered > Arts_and_Entertainment
212.4	Society > Transgendered > Female_to_Male
212.5	Society > Transgendered > Intersexed
212.6	Society > Transgendered > Support_Groups
212.7	Society > Transgendered > Health_and_Wellness
212.8	Society > Transgendered > Internet
212.9	Society > Transgendered > Genderqueer
212.10	Society > Transgendered > Writing_and_Literature
213.1	Society > Work > Labor_Movement
213.2	Society > Work > Workplace_Discrimination
213.3	Society > Work > Labor-Management_Relations
213.4	Society > Work > Telecommuting
213.5	Society > Work > Workplace_Spirituality
213.6	Society > Work > Whistleblowing
213.7	Society > Work > Work_and_Family
213.8	Society > Work > Coworker_Relations
213.9	Society > Work > Self-Employment
213.10	Society > Work > Rethinking_Work
214.1	Sports > Adventure_Racing > Races
214.2	Sports > Adventure_Racing > Teams
214.3	Sports > Adventure_Racing > Clubs
214.4	Sports > Adventure_Racing > Equipment_Suppliers
214.5	Sports > Adventure_Racing > Schools
214.6	Sports > Adventure_Racing > News_and_Media
215.1	Sports > Baseball > College_and_University
215.2	Sports > Baseball > Major_League
215.3	Sports > Baseball > People
215.4	Sports > Baseball > Youth
215.5	Sports > Baseball > Minor_League
215.6	Sports > Baseball > Amateur
215.7	Sports > Baseball > High_School
215.8	Sports > Baseball > Women
215.9	Sports > Baseball > Officiating
215.10	Sports > Baseball > History
216.1	Sports > Basketball > Women
216.2	Sports > Basketball > College_and_University
216.3	Sports > Basketball > Professional
216.4	Sports > Basketball > Training
216.5	Sports > Basketball > Youth_and_High_School
216.6	Sports > Basketball > Recruiting
216.7	Sports > Basketball > Regional
216.8	Sports > Basketball > Fan_Pages
216.9	Sports > Basketball > Coaching
216.10	Sports > Basketball > Chats_and_Forums
217.1	Sports > Bowling > Regional
217.2	Sports > Bowling > Ten-Pin
217.3	Sports > Bowling > Lawn_Bowling
217.4	Sports > Bowling > Five-Pin
217.5	Sports > Bowling > Candlepin_Bowling
217.6	Sports > Bowling > Tournaments
217.7	Sports > Bowling > Skittles
217.8	Sports > Bowling > Duckpin
217.9	Sports > Bowling > Instructors
217.10	Sports > Bowling > News_and_Media
218.1	Sports > Boxing > Boxers
218.2	Sports > Boxing > News_and_Media
218.3	Sports > Boxing > Gyms
218.4	Sports > Boxing > History
218.5	Sports > Boxing > Fan_Pages
218.6	Sports > Boxing > Organizations
218.7	Sports > Boxing > Promotions
218.8	Sports > Boxing > Regional
218.9	Sports > Boxing > Women
218.10	Sports > Boxing > Chats_and_Forums
219.1	Sports > Cheerleading > College_and_University
219.2	Sports > Cheerleading > All-Stars
219.3	Sports > Cheerleading > Professional_Sports
219.4	Sports > Cheerleading > Camp_and_Competition_Companies
219.5	Sports > Cheerleading > High_School
219.6	Sports > Cheerleading > Youth_and_Recreation
219.7	Sports > Cheerleading > Organizations
219.8	Sports > Cheerleading > News_and_Media
220.1	Sports > Cricket > ICC
220.2	Sports > Cricket > News_and_Media
220.3	Sports > Cricket > IWCC
220.4	Sports > Cricket > Indoor
220.5	Sports > Cricket > Chats_and_Forums
220.6	Sports > Cricket > Statistics
220.7	Sports > Cricket > Ratings
220.8	Sports > Cricket > Players
220.9	Sports > Cricket > Vigoro
220.10	Sports > Cricket > Blind
221.1	Sports > Cycling > Organizations
221.2	Sports > Cycling > Travel
221.3	Sports > Cycling > Bike_Shops
221.4	Sports > Cycling > Regional
221.5	Sports > Cycling > Mountain_Biking
221.6	Sports > Cycling > Racing
221.7	Sports > Cycling > BMX
221.8	Sports > Cycling > Human_Powered_Vehicles
221.9	Sports > Cycling > College_and_University
221.10	Sports > Cycling > Personal_Pages
222.1	Sports > Disabled > Wheelchair
222.2	Sports > Disabled > Mentally_Challenged
222.3	Sports > Disabled > Deaf
222.4	Sports > Disabled > Regional
222.5	Sports > Disabled > Events
222.6	Sports > Disabled > Blind
222.7	Sports > Disabled > Camps
222.8	Sports > Disabled > Amputee
222.9	Sports > Disabled > Athletes
222.10	Sports > Disabled > Cerebral_Palsy
223.1	Sports > Equestrian > Breeds
223.2	Sports > Equestrian > Racing
223.3	Sports > Equestrian > Riding_Stables
223.4	Sports > Equestrian > Vacations_and_Touring
223.5	Sports > Equestrian > Associations
223.6	Sports > Equestrian > Western_Performance
223.7	Sports > Equestrian > Dressage
223.8	Sports > Equestrian > Show_Jumping
223.9	Sports > Equestrian > Carriage_Driving
223.10	Sports > Equestrian > Directories
224.1	Sports > Fantasy > Football
224.2	Sports > Fantasy > Auto_Racing
224.3	Sports > Fantasy > Hockey
224.4	Sports > Fantasy > Basketball
224.5	Sports > Fantasy > Simulations
224.6	Sports > Fantasy > Soccer
224.7	Sports > Fantasy > Resources
224.8	Sports > Fantasy > Baseball
224.9	Sports > Fantasy > Cricket
224.10	Sports > Fantasy > Golf
225.1	Sports > Golf > Courses
225.2	Sports > Golf > College_and_University
225.3	Sports > Golf > Instruction
225.4	Sports > Golf > Travel
225.5	Sports > Golf > Tournaments_and_Events
225.6	Sports > Golf > Organizations
225.7	Sports > Golf > News_and_Media
225.8	Sports > Golf > Miniature_Golf
225.9	Sports > Golf > Community_and_Clubs
225.10	Sports > Golf > Golfers
226.1	Sports > Hockey > Ice_Hockey
226.2	Sports > Hockey > Field_Hockey
226.3	Sports > Hockey > Roller_Hockey
226.4	Sports > Hockey > Floorball
226.5	Sports > Hockey > Street_Hockey
226.6	Sports > Hockey > Broomball
226.7	Sports > Hockey > Bandy
226.8	Sports > Hockey > Services
226.9	Sports > Hockey > History
227.1	Sports > Lacrosse > College_and_University
227.2	Sports > Lacrosse > Organizations
227.3	Sports > Lacrosse > Youth_and_High_School
227.4	Sports > Lacrosse > Clubs
227.5	Sports > Lacrosse > National_Lacrosse_League
227.6	Sports > Lacrosse > News_and_Media
227.7	Sports > Lacrosse > Camps
227.8	Sports > Lacrosse > Tournaments
227.9	Sports > Lacrosse > Directories
227.10	Sports > Lacrosse > Major_League_Lacrosse
228.1	Sports > Martial_Arts > Jujutsu
228.2	Sports > Martial_Arts > Karate
228.3	Sports > Martial_Arts > Kung_Fu
228.4	Sports > Martial_Arts > Tae_Kwon_Do
228.5	Sports > Martial_Arts > Schools_and_Instruction
228.6	Sports > Martial_Arts > Kenpo_and_Kempo
228.7	Sports > Martial_Arts > Weaponry
228.8	Sports > Martial_Arts > Kickboxing
228.9	Sports > Martial_Arts > Hapkido
228.10	Sports > Martial_Arts > Ninpo
229.1	Sports > Motorsports > Auto_Racing
229.2	Sports > Motorsports > Motorcycle_Racing
229.3	Sports > Motorsports > Karting
229.4	Sports > Motorsports > Boat_Racing
229.5	Sports > Motorsports > Tractor_and_Truck_Pulling
229.6	Sports > Motorsports > Snowmobile_Racing
229.7	Sports > Motorsports > News_and_Media
229.8	Sports > Motorsports > ATV_Racing
229.9	Sports > Motorsports > Personal_Watercraft_Racing
229.10	Sports > Motorsports > Lawn_Mower_Racing
230.1	Sports > Paintball > Fields
230.2	Sports > Paintball > Teams
230.3	Sports > Paintball > Scenario
230.4	Sports > Paintball > Personal_Pages
230.5	Sports > Paintball > News_and_Media
230.6	Sports > Paintball > Regional
230.7	Sports > Paintball > Owners_Groups
230.8	Sports > Paintball > Chats_and_Forums
230.9	Sports > Paintball > Directories
230.10	Sports > Paintball > Tournaments
231.1	Sports > Resources > News_and_Media
231.2	Sports > Resources > Directories
231.3	Sports > Resources > Chats_and_Forums
231.4	Sports > Resources > History
231.5	Sports > Resources > Tournament_Organization
231.6	Sports > Resources > Statistics
231.7	Sports > Resources > Trivia
232.1	Sports > Rodeo > Events
232.2	Sports > Rodeo > Organizations
232.3	Sports > Rodeo > Clowns_and_Contract_Acts
232.4	Sports > Rodeo > Personal_Pages
232.5	Sports > Rodeo > Rodeo_Queens
232.6	Sports > Rodeo > Bullriding
232.7	Sports > Rodeo > Contractors
232.8	Sports > Rodeo > Arenas
232.9	Sports > Rodeo > Directories
232.10	Sports > Rodeo > News_and_Media
233.1	Sports > Running > Cross_Country
233.2	Sports > Running > Clubs
233.3	Sports > Running > Hashing
233.4	Sports > Running > Road_Running
233.5	Sports > Running > Trail_Running
233.6	Sports > Running > Training
233.7	Sports > Running > Personal_Pages
233.8	Sports > Running > News_and_Media
233.9	Sports > Running > Women
233.10	Sports > Running > Disabled
234.1	Sports > Skateboarding > Personal_Pages
234.2	Sports > Skateboarding > Skate_Parks
234.3	Sports > Skateboarding > Ramps_and_Skate_Park_Equipment
234.4	Sports > Skateboarding > Skaters
234.5	Sports > Skateboarding > Magazines_and_E-zines
234.6	Sports > Skateboarding > Photographers
234.7	Sports > Skateboarding > Longboarding
234.8	Sports > Skateboarding > Regional
234.9	Sports > Skateboarding > Scooters
234.10	Sports > Skateboarding > Fingerboarding
235.1	Sports > Soccer > UEFA
235.2	Sports > Soccer > CONCACAF
235.3	Sports > Soccer > AFC
235.4	Sports > Soccer > Players
235.5	Sports > Soccer > News_and_Media
235.6	Sports > Soccer > CAF
235.7	Sports > Soccer > Competitions
235.8	Sports > Soccer > OFC
235.9	Sports > Soccer > CONMEBOL
235.10	Sports > Soccer > Coaching
236.1	Sports > Tennis > College_and_University
236.2	Sports > Tennis > Players
236.3	Sports > Tennis > Instruction
236.4	Sports > Tennis > Tournaments
236.5	Sports > Tennis > News_and_Media
236.6	Sports > Tennis > Organizations
236.7	Sports > Tennis > Personal_Pages
236.8	Sports > Tennis > Juniors
236.9	Sports > Tennis > Directories
236.10	Sports > Tennis > Social
237.1	Sports > Track_and_Field > College_and_University
237.2	Sports > Track_and_Field > Clubs
237.3	Sports > Track_and_Field > High_School
237.4	Sports > Track_and_Field > Athletes
237.5	Sports > Track_and_Field > Organizations
237.6	Sports > Track_and_Field > Pole_Vault
237.7	Sports > Track_and_Field > News_and_Media
237.8	Sports > Track_and_Field > Directories
237.9	Sports > Track_and_Field > Throws
237.10	Sports > Track_and_Field > Events
238.1	Sports > Volleyball > College_and_University
238.2	Sports > Volleyball > Regional
238.3	Sports > Volleyball > Organizations
238.4	Sports > Volleyball > Outdoors
238.5	Sports > Volleyball > High_School
238.6	Sports > Volleyball > Training
238.7	Sports > Volleyball > Players
238.8	Sports > Volleyball > Tournaments
238.9	Sports > Volleyball > News_and_Media
238.10	Sports > Volleyball > Officiating_and_Rules
239.1	Sports > Water_Sports > Swimming_and_Diving
239.2	Sports > Water_Sports > Canoeing_and_Kayaking
239.3	Sports > Water_Sports > Rowing
239.4	Sports > Water_Sports > Surfing
239.5	Sports > Water_Sports > Water_Skiing_and_Wakeboarding
239.6	Sports > Water_Sports > Water_Polo
239.7	Sports > Water_Sports > Dragon_Boating
239.8	Sports > Water_Sports > Windsurfing
239.9	Sports > Water_Sports > Kitesurfing
239.10	Sports > Water_Sports > Surf_Life_Saving
